provider;state;specialty;indicator_value
COMEF IAMPP;MONTEVIDEO;MEDICINA GENERAL;0.00
COMEF IAMPP;MONTEVIDEO;ODONTOLOGÍA;0.00
COMEF IAMPP;MONTEVIDEO;ALERGOLOGÍA;0.00
COMEF IAMPP;MONTEVIDEO;ANESTESIOLOGÍA;0.00
COMEF IAMPP;MONTEVIDEO;CARDIOLOGÍA;0.00
COMEF IAMPP;MONTEVIDEO;CARDIOLOGÍA PEDIÁTRICA;0.00
COMEF IAMPP;MONTEVIDEO;CIRUGÍA GENERAL;0.00
COMEF IAMPP;MONTEVIDEO;CIRUGÍA CARDÍACA;0.00
COMEF IAMPP;MONTEVIDEO;CIRUGÍA DE TORAX;0.00
COMEF IAMPP;MONTEVIDEO;CIRUGÍA PEDIÁTRICA;0.00
COMEF IAMPP;MONTEVIDEO;CIRUGÍA PLÁSTICA;0.00
COMEF IAMPP;MONTEVIDEO;CIRUGÍA VASCULAR PERIFÉRICA;0.00
COMEF IAMPP;MONTEVIDEO;CIRUGÍA Y TRAUMATOLOGÍA BUCO-MAXILO-FACIAL;0.00
COMEF IAMPP;MONTEVIDEO;CUIDADOS PALIATIVOS DEL ADULTO;0.00
COMEF IAMPP;MONTEVIDEO;DERMATOLOGÍA;0.00
COMEF IAMPP;MONTEVIDEO;DIABETOLOGÍA;0.00
COMEF IAMPP;MONTEVIDEO;ENDOCRINOLOGÍA;0.00
COMEF IAMPP;MONTEVIDEO;ENDOSCOPÍA DIGESTIVA;0.00
COMEF IAMPP;MONTEVIDEO;ENFERMEDADES INFECCIOSAS;0.00
COMEF IAMPP;MONTEVIDEO;FISIATRÍA;0.00
COMEF IAMPP;MONTEVIDEO;GASTROENTEROLOGÍA;0.00
COMEF IAMPP;MONTEVIDEO;GERIATRÍA;0.00
COMEF IAMPP;MONTEVIDEO;GINECOTOCOLOGÍA;0.00
COMEF IAMPP;MONTEVIDEO;HEMATOLOGÍA;0.00
COMEF IAMPP;MONTEVIDEO;MEDICINA FAMILIAR Y COMUNITARIA;0.00
COMEF IAMPP;MONTEVIDEO;MEDICINA INTENSIVA;0.00
COMEF IAMPP;MONTEVIDEO;MEDICINA INTENSIVA PEDIÁTRICA;0.00
COMEF IAMPP;MONTEVIDEO;MEDICINA INTERNA;0.00
COMEF IAMPP;MONTEVIDEO;NEFROLOGÍA;0.00
COMEF IAMPP;MONTEVIDEO;NEFROLOGÍA PEDIÁTRICA;0.00
COMEF IAMPP;MONTEVIDEO;NEONATOLOGÍA;0.00
COMEF IAMPP;MONTEVIDEO;NEUMOLOGÍA;0.00
COMEF IAMPP;MONTEVIDEO;NEUMOLOGÍA PEDIÁTRICA;0.00
COMEF IAMPP;MONTEVIDEO;NEUROCIRUGÍA;0.00
COMEF IAMPP;MONTEVIDEO;NEUROLOGÍA;0.00
COMEF IAMPP;MONTEVIDEO;NEUROPEDIATRÍA;0.00
COMEF IAMPP;MONTEVIDEO;OFTALMOLOGÍA;0.00
COMEF IAMPP;MONTEVIDEO;ONCOLOGÍA MÉDICA;0.00
COMEF IAMPP;MONTEVIDEO;ONCOLOGÍA RADIOTERÁPICA;0.00
COMEF IAMPP;MONTEVIDEO;TRAUMATOLOGÍA;0.00
COMEF IAMPP;MONTEVIDEO;OTORRINOLARINGOLOGÍA;0.00
COMEF IAMPP;MONTEVIDEO;PEDIATRÍA;0.00
COMEF IAMPP;MONTEVIDEO;PSICOTERAPIA PSICOANALÍTICA;0.00
COMEF IAMPP;MONTEVIDEO;PSIQUIATRÍA;0.00
COMEF IAMPP;MONTEVIDEO;PSIQUIATRÍA PEDIÁTRICA;0.00
COMEF IAMPP;MONTEVIDEO;REUMATOLOGÍA;0.00
COMEF IAMPP;MONTEVIDEO;UROLOGÍA;0.00
COMEF IAMPP;MONTEVIDEO;UROLOGÍA PEDIÁTRICA;0.00
COMEF IAMPP;MONTEVIDEO;FISIOTERAPÍA;0.00
COMEF IAMPP;MONTEVIDEO;FONOAUDIOLOGÍA;0.00
COMEF IAMPP;MONTEVIDEO;NUTRICIÓN;0.00
COMEF IAMPP;MONTEVIDEO;PSICOLOGÍA;0.00
COMEF IAMPP;MONTEVIDEO;PSICOMOTRICIDAD;0.00
COMEF IAMPP;MONTEVIDEO;PSICOPEDAGOGÍA;0.00
COMEF IAMPP;MONTEVIDEO;TRABAJO SOCIAL;0.00
COMEF IAMPP;MONTEVIDEO;OBSTETRA PARTERA;0.00
COMEF IAMPP;ARTIGAS;MEDICINA GENERAL;0.00
COMEF IAMPP;ARTIGAS;ODONTOLOGÍA;0.00
COMEF IAMPP;ARTIGAS;ALERGOLOGÍA;0.00
COMEF IAMPP;ARTIGAS;ANESTESIOLOGÍA;0.00
COMEF IAMPP;ARTIGAS;CARDIOLOGÍA;0.00
COMEF IAMPP;ARTIGAS;CARDIOLOGÍA PEDIÁTRICA;0.00
COMEF IAMPP;ARTIGAS;CIRUGÍA GENERAL;0.00
COMEF IAMPP;ARTIGAS;CIRUGÍA CARDÍACA;0.00
COMEF IAMPP;ARTIGAS;CIRUGÍA DE TORAX;0.00
COMEF IAMPP;ARTIGAS;CIRUGÍA PEDIÁTRICA;0.00
COMEF IAMPP;ARTIGAS;CIRUGÍA PLÁSTICA;0.00
COMEF IAMPP;ARTIGAS;CIRUGÍA VASCULAR PERIFÉRICA;0.00
COMEF IAMPP;ARTIGAS;CIRUGÍA Y TRAUMATOLOGÍA BUCO-MAXILO-FACIAL;0.00
COMEF IAMPP;ARTIGAS;CUIDADOS PALIATIVOS DEL ADULTO;0.00
COMEF IAMPP;ARTIGAS;DERMATOLOGÍA;0.00
COMEF IAMPP;ARTIGAS;DIABETOLOGÍA;0.00
COMEF IAMPP;ARTIGAS;ENDOCRINOLOGÍA;0.00
COMEF IAMPP;ARTIGAS;ENDOSCOPÍA DIGESTIVA;0.00
COMEF IAMPP;ARTIGAS;ENFERMEDADES INFECCIOSAS;0.00
COMEF IAMPP;ARTIGAS;FISIATRÍA;0.00
COMEF IAMPP;ARTIGAS;GASTROENTEROLOGÍA;0.00
COMEF IAMPP;ARTIGAS;GERIATRÍA;0.00
COMEF IAMPP;ARTIGAS;GINECOTOCOLOGÍA;0.00
COMEF IAMPP;ARTIGAS;HEMATOLOGÍA;0.00
COMEF IAMPP;ARTIGAS;MEDICINA FAMILIAR Y COMUNITARIA;0.00
COMEF IAMPP;ARTIGAS;MEDICINA INTENSIVA;0.00
COMEF IAMPP;ARTIGAS;MEDICINA INTENSIVA PEDIÁTRICA;0.00
COMEF IAMPP;ARTIGAS;MEDICINA INTERNA;0.00
COMEF IAMPP;ARTIGAS;NEFROLOGÍA;0.00
COMEF IAMPP;ARTIGAS;NEFROLOGÍA PEDIÁTRICA;0.00
COMEF IAMPP;ARTIGAS;NEONATOLOGÍA;0.00
COMEF IAMPP;ARTIGAS;NEUMOLOGÍA;0.00
COMEF IAMPP;ARTIGAS;NEUMOLOGÍA PEDIÁTRICA;0.00
COMEF IAMPP;ARTIGAS;NEUROCIRUGÍA;0.00
COMEF IAMPP;ARTIGAS;NEUROLOGÍA;0.00
COMEF IAMPP;ARTIGAS;NEUROPEDIATRÍA;0.00
COMEF IAMPP;ARTIGAS;OFTALMOLOGÍA;0.00
COMEF IAMPP;ARTIGAS;ONCOLOGÍA MÉDICA;0.00
COMEF IAMPP;ARTIGAS;ONCOLOGÍA RADIOTERÁPICA;0.00
COMEF IAMPP;ARTIGAS;TRAUMATOLOGÍA;0.00
COMEF IAMPP;ARTIGAS;OTORRINOLARINGOLOGÍA;0.00
COMEF IAMPP;ARTIGAS;PEDIATRÍA;0.00
COMEF IAMPP;ARTIGAS;PSICOTERAPIA PSICOANALÍTICA;0.00
COMEF IAMPP;ARTIGAS;PSIQUIATRÍA;0.00
COMEF IAMPP;ARTIGAS;PSIQUIATRÍA PEDIÁTRICA;0.00
COMEF IAMPP;ARTIGAS;REUMATOLOGÍA;0.00
COMEF IAMPP;ARTIGAS;UROLOGÍA;0.00
COMEF IAMPP;ARTIGAS;UROLOGÍA PEDIÁTRICA;0.00
COMEF IAMPP;ARTIGAS;FISIOTERAPÍA;0.00
COMEF IAMPP;ARTIGAS;FONOAUDIOLOGÍA;0.00
COMEF IAMPP;ARTIGAS;NUTRICIÓN;0.00
COMEF IAMPP;ARTIGAS;PSICOLOGÍA;0.00
COMEF IAMPP;ARTIGAS;PSICOMOTRICIDAD;0.00
COMEF IAMPP;ARTIGAS;PSICOPEDAGOGÍA;0.00
COMEF IAMPP;ARTIGAS;TRABAJO SOCIAL;0.00
COMEF IAMPP;ARTIGAS;OBSTETRA PARTERA;0.00
COMEF IAMPP;CANELONES;MEDICINA GENERAL;0.00
COMEF IAMPP;CANELONES;ODONTOLOGÍA;0.00
COMEF IAMPP;CANELONES;ALERGOLOGÍA;0.00
COMEF IAMPP;CANELONES;ANESTESIOLOGÍA;0.00
COMEF IAMPP;CANELONES;CARDIOLOGÍA;0.00
COMEF IAMPP;CANELONES;CARDIOLOGÍA PEDIÁTRICA;0.00
COMEF IAMPP;CANELONES;CIRUGÍA GENERAL;0.00
COMEF IAMPP;CANELONES;CIRUGÍA CARDÍACA;0.00
COMEF IAMPP;CANELONES;CIRUGÍA DE TORAX;0.00
COMEF IAMPP;CANELONES;CIRUGÍA PEDIÁTRICA;0.00
COMEF IAMPP;CANELONES;CIRUGÍA PLÁSTICA;0.00
COMEF IAMPP;CANELONES;CIRUGÍA VASCULAR PERIFÉRICA;0.00
COMEF IAMPP;CANELONES;CIRUGÍA Y TRAUMATOLOGÍA BUCO-MAXILO-FACIAL;0.00
COMEF IAMPP;CANELONES;CUIDADOS PALIATIVOS DEL ADULTO;0.00
COMEF IAMPP;CANELONES;DERMATOLOGÍA;0.00
COMEF IAMPP;CANELONES;DIABETOLOGÍA;0.00
COMEF IAMPP;CANELONES;ENDOCRINOLOGÍA;0.00
COMEF IAMPP;CANELONES;ENDOSCOPÍA DIGESTIVA;0.00
COMEF IAMPP;CANELONES;ENFERMEDADES INFECCIOSAS;0.00
COMEF IAMPP;CANELONES;FISIATRÍA;0.00
COMEF IAMPP;CANELONES;GASTROENTEROLOGÍA;0.00
COMEF IAMPP;CANELONES;GERIATRÍA;0.00
COMEF IAMPP;CANELONES;GINECOTOCOLOGÍA;0.00
COMEF IAMPP;CANELONES;HEMATOLOGÍA;0.00
COMEF IAMPP;CANELONES;MEDICINA FAMILIAR Y COMUNITARIA;0.00
COMEF IAMPP;CANELONES;MEDICINA INTENSIVA;0.00
COMEF IAMPP;CANELONES;MEDICINA INTENSIVA PEDIÁTRICA;0.00
COMEF IAMPP;CANELONES;MEDICINA INTERNA;0.00
COMEF IAMPP;CANELONES;NEFROLOGÍA;0.00
COMEF IAMPP;CANELONES;NEFROLOGÍA PEDIÁTRICA;0.00
COMEF IAMPP;CANELONES;NEONATOLOGÍA;0.00
COMEF IAMPP;CANELONES;NEUMOLOGÍA;0.00
COMEF IAMPP;CANELONES;NEUMOLOGÍA PEDIÁTRICA;0.00
COMEF IAMPP;CANELONES;NEUROCIRUGÍA;0.00
COMEF IAMPP;CANELONES;NEUROLOGÍA;0.00
COMEF IAMPP;CANELONES;NEUROPEDIATRÍA;0.00
COMEF IAMPP;CANELONES;OFTALMOLOGÍA;0.00
COMEF IAMPP;CANELONES;ONCOLOGÍA MÉDICA;0.00
COMEF IAMPP;CANELONES;ONCOLOGÍA RADIOTERÁPICA;0.00
COMEF IAMPP;CANELONES;TRAUMATOLOGÍA;0.00
COMEF IAMPP;CANELONES;OTORRINOLARINGOLOGÍA;0.00
COMEF IAMPP;CANELONES;PEDIATRÍA;0.00
COMEF IAMPP;CANELONES;PSICOTERAPIA PSICOANALÍTICA;0.00
COMEF IAMPP;CANELONES;PSIQUIATRÍA;0.00
COMEF IAMPP;CANELONES;PSIQUIATRÍA PEDIÁTRICA;0.00
COMEF IAMPP;CANELONES;REUMATOLOGÍA;0.00
COMEF IAMPP;CANELONES;UROLOGÍA;0.00
COMEF IAMPP;CANELONES;UROLOGÍA PEDIÁTRICA;0.00
COMEF IAMPP;CANELONES;FISIOTERAPÍA;0.00
COMEF IAMPP;CANELONES;FONOAUDIOLOGÍA;0.00
COMEF IAMPP;CANELONES;NUTRICIÓN;0.00
COMEF IAMPP;CANELONES;PSICOLOGÍA;0.00
COMEF IAMPP;CANELONES;PSICOMOTRICIDAD;0.00
COMEF IAMPP;CANELONES;PSICOPEDAGOGÍA;0.00
COMEF IAMPP;CANELONES;TRABAJO SOCIAL;0.00
COMEF IAMPP;CANELONES;OBSTETRA PARTERA;0.00
COMEF IAMPP;CERRO LARGO;MEDICINA GENERAL;0.00
COMEF IAMPP;CERRO LARGO;ODONTOLOGÍA;0.00
COMEF IAMPP;CERRO LARGO;ALERGOLOGÍA;0.00
COMEF IAMPP;CERRO LARGO;ANESTESIOLOGÍA;0.00
COMEF IAMPP;CERRO LARGO;CARDIOLOGÍA;0.00
COMEF IAMPP;CERRO LARGO;CARDIOLOGÍA PEDIÁTRICA;0.00
COMEF IAMPP;CERRO LARGO;CIRUGÍA GENERAL;0.00
COMEF IAMPP;CERRO LARGO;CIRUGÍA CARDÍACA;0.00
COMEF IAMPP;CERRO LARGO;CIRUGÍA DE TORAX;0.00
COMEF IAMPP;CERRO LARGO;CIRUGÍA PEDIÁTRICA;0.00
COMEF IAMPP;CERRO LARGO;CIRUGÍA PLÁSTICA;0.00
COMEF IAMPP;CERRO LARGO;CIRUGÍA VASCULAR PERIFÉRICA;0.00
COMEF IAMPP;CERRO LARGO;CIRUGÍA Y TRAUMATOLOGÍA BUCO-MAXILO-FACIAL;0.00
COMEF IAMPP;CERRO LARGO;CUIDADOS PALIATIVOS DEL ADULTO;0.00
COMEF IAMPP;CERRO LARGO;DERMATOLOGÍA;0.00
COMEF IAMPP;CERRO LARGO;DIABETOLOGÍA;0.00
COMEF IAMPP;CERRO LARGO;ENDOCRINOLOGÍA;0.00
COMEF IAMPP;CERRO LARGO;ENDOSCOPÍA DIGESTIVA;0.00
COMEF IAMPP;CERRO LARGO;ENFERMEDADES INFECCIOSAS;0.00
COMEF IAMPP;CERRO LARGO;FISIATRÍA;0.00
COMEF IAMPP;CERRO LARGO;GASTROENTEROLOGÍA;0.00
COMEF IAMPP;CERRO LARGO;GERIATRÍA;0.00
COMEF IAMPP;CERRO LARGO;GINECOTOCOLOGÍA;0.00
COMEF IAMPP;CERRO LARGO;HEMATOLOGÍA;0.00
COMEF IAMPP;CERRO LARGO;MEDICINA FAMILIAR Y COMUNITARIA;0.00
COMEF IAMPP;CERRO LARGO;MEDICINA INTENSIVA;0.00
COMEF IAMPP;CERRO LARGO;MEDICINA INTENSIVA PEDIÁTRICA;0.00
COMEF IAMPP;CERRO LARGO;MEDICINA INTERNA;0.00
COMEF IAMPP;CERRO LARGO;NEFROLOGÍA;0.00
COMEF IAMPP;CERRO LARGO;NEFROLOGÍA PEDIÁTRICA;0.00
COMEF IAMPP;CERRO LARGO;NEONATOLOGÍA;0.00
COMEF IAMPP;CERRO LARGO;NEUMOLOGÍA;0.00
COMEF IAMPP;CERRO LARGO;NEUMOLOGÍA PEDIÁTRICA;0.00
COMEF IAMPP;CERRO LARGO;NEUROCIRUGÍA;0.00
COMEF IAMPP;CERRO LARGO;NEUROLOGÍA;0.00
COMEF IAMPP;CERRO LARGO;NEUROPEDIATRÍA;0.00
COMEF IAMPP;CERRO LARGO;OFTALMOLOGÍA;0.00
COMEF IAMPP;CERRO LARGO;ONCOLOGÍA MÉDICA;0.00
COMEF IAMPP;CERRO LARGO;ONCOLOGÍA RADIOTERÁPICA;0.00
COMEF IAMPP;CERRO LARGO;TRAUMATOLOGÍA;0.00
COMEF IAMPP;CERRO LARGO;OTORRINOLARINGOLOGÍA;0.00
COMEF IAMPP;CERRO LARGO;PEDIATRÍA;0.00
COMEF IAMPP;CERRO LARGO;PSICOTERAPIA PSICOANALÍTICA;0.00
COMEF IAMPP;CERRO LARGO;PSIQUIATRÍA;0.00
COMEF IAMPP;CERRO LARGO;PSIQUIATRÍA PEDIÁTRICA;0.00
COMEF IAMPP;CERRO LARGO;REUMATOLOGÍA;0.00
COMEF IAMPP;CERRO LARGO;UROLOGÍA;0.00
COMEF IAMPP;CERRO LARGO;UROLOGÍA PEDIÁTRICA;0.00
COMEF IAMPP;CERRO LARGO;FISIOTERAPÍA;0.00
COMEF IAMPP;CERRO LARGO;FONOAUDIOLOGÍA;0.00
COMEF IAMPP;CERRO LARGO;NUTRICIÓN;0.00
COMEF IAMPP;CERRO LARGO;PSICOLOGÍA;0.00
COMEF IAMPP;CERRO LARGO;PSICOMOTRICIDAD;0.00
COMEF IAMPP;CERRO LARGO;PSICOPEDAGOGÍA;0.00
COMEF IAMPP;CERRO LARGO;TRABAJO SOCIAL;0.00
COMEF IAMPP;CERRO LARGO;OBSTETRA PARTERA;0.00
COMEF IAMPP;COLONIA;MEDICINA GENERAL;0.00
COMEF IAMPP;COLONIA;ODONTOLOGÍA;0.00
COMEF IAMPP;COLONIA;ALERGOLOGÍA;0.00
COMEF IAMPP;COLONIA;ANESTESIOLOGÍA;0.00
COMEF IAMPP;COLONIA;CARDIOLOGÍA;0.00
COMEF IAMPP;COLONIA;CARDIOLOGÍA PEDIÁTRICA;0.00
COMEF IAMPP;COLONIA;CIRUGÍA GENERAL;0.00
COMEF IAMPP;COLONIA;CIRUGÍA CARDÍACA;0.00
COMEF IAMPP;COLONIA;CIRUGÍA DE TORAX;0.00
COMEF IAMPP;COLONIA;CIRUGÍA PEDIÁTRICA;0.00
COMEF IAMPP;COLONIA;CIRUGÍA PLÁSTICA;0.00
COMEF IAMPP;COLONIA;CIRUGÍA VASCULAR PERIFÉRICA;0.00
COMEF IAMPP;COLONIA;CIRUGÍA Y TRAUMATOLOGÍA BUCO-MAXILO-FACIAL;0.00
COMEF IAMPP;COLONIA;CUIDADOS PALIATIVOS DEL ADULTO;0.00
COMEF IAMPP;COLONIA;DERMATOLOGÍA;0.00
COMEF IAMPP;COLONIA;DIABETOLOGÍA;0.00
COMEF IAMPP;COLONIA;ENDOCRINOLOGÍA;0.00
COMEF IAMPP;COLONIA;ENDOSCOPÍA DIGESTIVA;0.00
COMEF IAMPP;COLONIA;ENFERMEDADES INFECCIOSAS;0.00
COMEF IAMPP;COLONIA;FISIATRÍA;0.00
COMEF IAMPP;COLONIA;GASTROENTEROLOGÍA;0.00
COMEF IAMPP;COLONIA;GERIATRÍA;0.00
COMEF IAMPP;COLONIA;GINECOTOCOLOGÍA;0.00
COMEF IAMPP;COLONIA;HEMATOLOGÍA;0.00
COMEF IAMPP;COLONIA;MEDICINA FAMILIAR Y COMUNITARIA;0.00
COMEF IAMPP;COLONIA;MEDICINA INTENSIVA;0.00
COMEF IAMPP;COLONIA;MEDICINA INTENSIVA PEDIÁTRICA;0.00
COMEF IAMPP;COLONIA;MEDICINA INTERNA;0.00
COMEF IAMPP;COLONIA;NEFROLOGÍA;0.00
COMEF IAMPP;COLONIA;NEFROLOGÍA PEDIÁTRICA;0.00
COMEF IAMPP;COLONIA;NEONATOLOGÍA;0.00
COMEF IAMPP;COLONIA;NEUMOLOGÍA;0.00
COMEF IAMPP;COLONIA;NEUMOLOGÍA PEDIÁTRICA;0.00
COMEF IAMPP;COLONIA;NEUROCIRUGÍA;0.00
COMEF IAMPP;COLONIA;NEUROLOGÍA;0.00
COMEF IAMPP;COLONIA;NEUROPEDIATRÍA;0.00
COMEF IAMPP;COLONIA;OFTALMOLOGÍA;0.00
COMEF IAMPP;COLONIA;ONCOLOGÍA MÉDICA;0.00
COMEF IAMPP;COLONIA;ONCOLOGÍA RADIOTERÁPICA;0.00
COMEF IAMPP;COLONIA;TRAUMATOLOGÍA;0.00
COMEF IAMPP;COLONIA;OTORRINOLARINGOLOGÍA;0.00
COMEF IAMPP;COLONIA;PEDIATRÍA;0.00
COMEF IAMPP;COLONIA;PSICOTERAPIA PSICOANALÍTICA;0.00
COMEF IAMPP;COLONIA;PSIQUIATRÍA;0.00
COMEF IAMPP;COLONIA;PSIQUIATRÍA PEDIÁTRICA;0.00
COMEF IAMPP;COLONIA;REUMATOLOGÍA;0.00
COMEF IAMPP;COLONIA;UROLOGÍA;0.00
COMEF IAMPP;COLONIA;UROLOGÍA PEDIÁTRICA;0.00
COMEF IAMPP;COLONIA;FISIOTERAPÍA;0.00
COMEF IAMPP;COLONIA;FONOAUDIOLOGÍA;0.00
COMEF IAMPP;COLONIA;NUTRICIÓN;0.00
COMEF IAMPP;COLONIA;PSICOLOGÍA;0.00
COMEF IAMPP;COLONIA;PSICOMOTRICIDAD;0.00
COMEF IAMPP;COLONIA;PSICOPEDAGOGÍA;0.00
COMEF IAMPP;COLONIA;TRABAJO SOCIAL;0.00
COMEF IAMPP;COLONIA;OBSTETRA PARTERA;0.00
COMEF IAMPP;DURAZNO;MEDICINA GENERAL;0.00
COMEF IAMPP;DURAZNO;ODONTOLOGÍA;0.00
COMEF IAMPP;DURAZNO;ALERGOLOGÍA;0.00
COMEF IAMPP;DURAZNO;ANESTESIOLOGÍA;0.00
COMEF IAMPP;DURAZNO;CARDIOLOGÍA;0.00
COMEF IAMPP;DURAZNO;CARDIOLOGÍA PEDIÁTRICA;0.00
COMEF IAMPP;DURAZNO;CIRUGÍA GENERAL;0.00
COMEF IAMPP;DURAZNO;CIRUGÍA CARDÍACA;0.00
COMEF IAMPP;DURAZNO;CIRUGÍA DE TORAX;0.00
COMEF IAMPP;DURAZNO;CIRUGÍA PEDIÁTRICA;0.00
COMEF IAMPP;DURAZNO;CIRUGÍA PLÁSTICA;0.00
COMEF IAMPP;DURAZNO;CIRUGÍA VASCULAR PERIFÉRICA;0.00
COMEF IAMPP;DURAZNO;CIRUGÍA Y TRAUMATOLOGÍA BUCO-MAXILO-FACIAL;0.00
COMEF IAMPP;DURAZNO;CUIDADOS PALIATIVOS DEL ADULTO;0.00
COMEF IAMPP;DURAZNO;DERMATOLOGÍA;0.00
COMEF IAMPP;DURAZNO;DIABETOLOGÍA;0.00
COMEF IAMPP;DURAZNO;ENDOCRINOLOGÍA;0.00
COMEF IAMPP;DURAZNO;ENDOSCOPÍA DIGESTIVA;0.00
COMEF IAMPP;DURAZNO;ENFERMEDADES INFECCIOSAS;0.00
COMEF IAMPP;DURAZNO;FISIATRÍA;0.00
COMEF IAMPP;DURAZNO;GASTROENTEROLOGÍA;0.00
COMEF IAMPP;DURAZNO;GERIATRÍA;0.00
COMEF IAMPP;DURAZNO;GINECOTOCOLOGÍA;0.00
COMEF IAMPP;DURAZNO;HEMATOLOGÍA;0.00
COMEF IAMPP;DURAZNO;MEDICINA FAMILIAR Y COMUNITARIA;0.00
COMEF IAMPP;DURAZNO;MEDICINA INTENSIVA;0.00
COMEF IAMPP;DURAZNO;MEDICINA INTENSIVA PEDIÁTRICA;0.00
COMEF IAMPP;DURAZNO;MEDICINA INTERNA;0.00
COMEF IAMPP;DURAZNO;NEFROLOGÍA;0.00
COMEF IAMPP;DURAZNO;NEFROLOGÍA PEDIÁTRICA;0.00
COMEF IAMPP;DURAZNO;NEONATOLOGÍA;0.00
COMEF IAMPP;DURAZNO;NEUMOLOGÍA;0.00
COMEF IAMPP;DURAZNO;NEUMOLOGÍA PEDIÁTRICA;0.00
COMEF IAMPP;DURAZNO;NEUROCIRUGÍA;0.00
COMEF IAMPP;DURAZNO;NEUROLOGÍA;0.00
COMEF IAMPP;DURAZNO;NEUROPEDIATRÍA;0.00
COMEF IAMPP;DURAZNO;OFTALMOLOGÍA;0.00
COMEF IAMPP;DURAZNO;ONCOLOGÍA MÉDICA;0.00
COMEF IAMPP;DURAZNO;ONCOLOGÍA RADIOTERÁPICA;0.00
COMEF IAMPP;DURAZNO;TRAUMATOLOGÍA;0.00
COMEF IAMPP;DURAZNO;OTORRINOLARINGOLOGÍA;0.00
COMEF IAMPP;DURAZNO;PEDIATRÍA;0.00
COMEF IAMPP;DURAZNO;PSICOTERAPIA PSICOANALÍTICA;0.00
COMEF IAMPP;DURAZNO;PSIQUIATRÍA;0.00
COMEF IAMPP;DURAZNO;PSIQUIATRÍA PEDIÁTRICA;0.00
COMEF IAMPP;DURAZNO;REUMATOLOGÍA;0.00
COMEF IAMPP;DURAZNO;UROLOGÍA;0.00
COMEF IAMPP;DURAZNO;UROLOGÍA PEDIÁTRICA;0.00
COMEF IAMPP;DURAZNO;FISIOTERAPÍA;0.00
COMEF IAMPP;DURAZNO;FONOAUDIOLOGÍA;0.00
COMEF IAMPP;DURAZNO;NUTRICIÓN;0.00
COMEF IAMPP;DURAZNO;PSICOLOGÍA;0.00
COMEF IAMPP;DURAZNO;PSICOMOTRICIDAD;0.00
COMEF IAMPP;DURAZNO;PSICOPEDAGOGÍA;0.00
COMEF IAMPP;DURAZNO;TRABAJO SOCIAL;0.00
COMEF IAMPP;DURAZNO;OBSTETRA PARTERA;0.00
COMEF IAMPP;FLORES;MEDICINA GENERAL;0.00
COMEF IAMPP;FLORES;ODONTOLOGÍA;0.00
COMEF IAMPP;FLORES;ALERGOLOGÍA;0.00
COMEF IAMPP;FLORES;ANESTESIOLOGÍA;0.00
COMEF IAMPP;FLORES;CARDIOLOGÍA;0.00
COMEF IAMPP;FLORES;CARDIOLOGÍA PEDIÁTRICA;0.00
COMEF IAMPP;FLORES;CIRUGÍA GENERAL;0.00
COMEF IAMPP;FLORES;CIRUGÍA CARDÍACA;0.00
COMEF IAMPP;FLORES;CIRUGÍA DE TORAX;0.00
COMEF IAMPP;FLORES;CIRUGÍA PEDIÁTRICA;0.00
COMEF IAMPP;FLORES;CIRUGÍA PLÁSTICA;0.00
COMEF IAMPP;FLORES;CIRUGÍA VASCULAR PERIFÉRICA;0.00
COMEF IAMPP;FLORES;CIRUGÍA Y TRAUMATOLOGÍA BUCO-MAXILO-FACIAL;0.00
COMEF IAMPP;FLORES;CUIDADOS PALIATIVOS DEL ADULTO;0.00
COMEF IAMPP;FLORES;DERMATOLOGÍA;0.00
COMEF IAMPP;FLORES;DIABETOLOGÍA;0.00
COMEF IAMPP;FLORES;ENDOCRINOLOGÍA;0.00
COMEF IAMPP;FLORES;ENDOSCOPÍA DIGESTIVA;0.00
COMEF IAMPP;FLORES;ENFERMEDADES INFECCIOSAS;0.00
COMEF IAMPP;FLORES;FISIATRÍA;0.00
COMEF IAMPP;FLORES;GASTROENTEROLOGÍA;0.00
COMEF IAMPP;FLORES;GERIATRÍA;0.00
COMEF IAMPP;FLORES;GINECOTOCOLOGÍA;0.00
COMEF IAMPP;FLORES;HEMATOLOGÍA;0.00
COMEF IAMPP;FLORES;MEDICINA FAMILIAR Y COMUNITARIA;0.00
COMEF IAMPP;FLORES;MEDICINA INTENSIVA;0.00
COMEF IAMPP;FLORES;MEDICINA INTENSIVA PEDIÁTRICA;0.00
COMEF IAMPP;FLORES;MEDICINA INTERNA;0.00
COMEF IAMPP;FLORES;NEFROLOGÍA;0.00
COMEF IAMPP;FLORES;NEFROLOGÍA PEDIÁTRICA;0.00
COMEF IAMPP;FLORES;NEONATOLOGÍA;0.00
COMEF IAMPP;FLORES;NEUMOLOGÍA;0.00
COMEF IAMPP;FLORES;NEUMOLOGÍA PEDIÁTRICA;0.00
COMEF IAMPP;FLORES;NEUROCIRUGÍA;0.00
COMEF IAMPP;FLORES;NEUROLOGÍA;0.00
COMEF IAMPP;FLORES;NEUROPEDIATRÍA;0.00
COMEF IAMPP;FLORES;OFTALMOLOGÍA;0.00
COMEF IAMPP;FLORES;ONCOLOGÍA MÉDICA;0.00
COMEF IAMPP;FLORES;ONCOLOGÍA RADIOTERÁPICA;0.00
COMEF IAMPP;FLORES;TRAUMATOLOGÍA;0.00
COMEF IAMPP;FLORES;OTORRINOLARINGOLOGÍA;0.00
COMEF IAMPP;FLORES;PEDIATRÍA;0.00
COMEF IAMPP;FLORES;PSICOTERAPIA PSICOANALÍTICA;0.00
COMEF IAMPP;FLORES;PSIQUIATRÍA;0.00
COMEF IAMPP;FLORES;PSIQUIATRÍA PEDIÁTRICA;0.00
COMEF IAMPP;FLORES;REUMATOLOGÍA;0.00
COMEF IAMPP;FLORES;UROLOGÍA;0.00
COMEF IAMPP;FLORES;UROLOGÍA PEDIÁTRICA;0.00
COMEF IAMPP;FLORES;FISIOTERAPÍA;0.00
COMEF IAMPP;FLORES;FONOAUDIOLOGÍA;0.00
COMEF IAMPP;FLORES;NUTRICIÓN;0.00
COMEF IAMPP;FLORES;PSICOLOGÍA;0.00
COMEF IAMPP;FLORES;PSICOMOTRICIDAD;0.00
COMEF IAMPP;FLORES;PSICOPEDAGOGÍA;0.00
COMEF IAMPP;FLORES;TRABAJO SOCIAL;0.00
COMEF IAMPP;FLORES;OBSTETRA PARTERA;0.00
COMEF IAMPP;FLORIDA;MEDICINA GENERAL;18.85
COMEF IAMPP;FLORIDA;ODONTOLOGÍA;0.00
COMEF IAMPP;FLORIDA;ALERGOLOGÍA;0.00
COMEF IAMPP;FLORIDA;ANESTESIOLOGÍA;0.43
COMEF IAMPP;FLORIDA;CARDIOLOGÍA;1.24
COMEF IAMPP;FLORIDA;CARDIOLOGÍA PEDIÁTRICA;0.00
COMEF IAMPP;FLORIDA;CIRUGÍA GENERAL;0.79
COMEF IAMPP;FLORIDA;CIRUGÍA CARDÍACA;0.00
COMEF IAMPP;FLORIDA;CIRUGÍA DE TORAX;0.00
COMEF IAMPP;FLORIDA;CIRUGÍA PEDIÁTRICA;0.00
COMEF IAMPP;FLORIDA;CIRUGÍA PLÁSTICA;0.40
COMEF IAMPP;FLORIDA;CIRUGÍA VASCULAR PERIFÉRICA;0.08
COMEF IAMPP;FLORIDA;CIRUGÍA Y TRAUMATOLOGÍA BUCO-MAXILO-FACIAL;0.00
COMEF IAMPP;FLORIDA;CUIDADOS PALIATIVOS DEL ADULTO;1.13
COMEF IAMPP;FLORIDA;DERMATOLOGÍA;0.25
COMEF IAMPP;FLORIDA;DIABETOLOGÍA;0.13
COMEF IAMPP;FLORIDA;ENDOCRINOLOGÍA;0.07
COMEF IAMPP;FLORIDA;ENDOSCOPÍA DIGESTIVA;0.38
COMEF IAMPP;FLORIDA;ENFERMEDADES INFECCIOSAS;0.00
COMEF IAMPP;FLORIDA;FISIATRÍA;0.13
COMEF IAMPP;FLORIDA;GASTROENTEROLOGÍA;0.55
COMEF IAMPP;FLORIDA;GERIATRÍA;1.36
COMEF IAMPP;FLORIDA;GINECOTOCOLOGÍA;3.23
COMEF IAMPP;FLORIDA;HEMATOLOGÍA;0.12
COMEF IAMPP;FLORIDA;MEDICINA FAMILIAR Y COMUNITARIA;0.00
COMEF IAMPP;FLORIDA;MEDICINA INTENSIVA;1.92
COMEF IAMPP;FLORIDA;MEDICINA INTENSIVA PEDIÁTRICA;0.00
COMEF IAMPP;FLORIDA;MEDICINA INTERNA;1.16
COMEF IAMPP;FLORIDA;NEFROLOGÍA;0.40
COMEF IAMPP;FLORIDA;NEFROLOGÍA PEDIÁTRICA;0.00
COMEF IAMPP;FLORIDA;NEONATOLOGÍA;0.00
COMEF IAMPP;FLORIDA;NEUMOLOGÍA;0.03
COMEF IAMPP;FLORIDA;NEUMOLOGÍA PEDIÁTRICA;0.00
COMEF IAMPP;FLORIDA;NEUROCIRUGÍA;0.00
COMEF IAMPP;FLORIDA;NEUROLOGÍA;0.55
COMEF IAMPP;FLORIDA;NEUROPEDIATRÍA;0.25
COMEF IAMPP;FLORIDA;OFTALMOLOGÍA;0.22
COMEF IAMPP;FLORIDA;ONCOLOGÍA MÉDICA;0.10
COMEF IAMPP;FLORIDA;ONCOLOGÍA RADIOTERÁPICA;0.00
COMEF IAMPP;FLORIDA;TRAUMATOLOGÍA;0.78
COMEF IAMPP;FLORIDA;OTORRINOLARINGOLOGÍA;0.29
COMEF IAMPP;FLORIDA;PEDIATRÍA;13.99
COMEF IAMPP;FLORIDA;PSICOTERAPIA PSICOANALÍTICA;0.00
COMEF IAMPP;FLORIDA;PSIQUIATRÍA;0.44
COMEF IAMPP;FLORIDA;PSIQUIATRÍA PEDIÁTRICA;0.88
COMEF IAMPP;FLORIDA;REUMATOLOGÍA;0.00
COMEF IAMPP;FLORIDA;UROLOGÍA;0.78
COMEF IAMPP;FLORIDA;UROLOGÍA PEDIÁTRICA;0.00
COMEF IAMPP;FLORIDA;FISIOTERAPÍA;0.00
COMEF IAMPP;FLORIDA;FONOAUDIOLOGÍA;0.00
COMEF IAMPP;FLORIDA;NUTRICIÓN;0.96
COMEF IAMPP;FLORIDA;PSICOLOGÍA;1.22
COMEF IAMPP;FLORIDA;PSICOMOTRICIDAD;0.00
COMEF IAMPP;FLORIDA;PSICOPEDAGOGÍA;0.00
COMEF IAMPP;FLORIDA;TRABAJO SOCIAL;0.58
COMEF IAMPP;FLORIDA;OBSTETRA PARTERA;4.45
COMEF IAMPP;LAVALLEJA;MEDICINA GENERAL;0.00
COMEF IAMPP;LAVALLEJA;ODONTOLOGÍA;0.00
COMEF IAMPP;LAVALLEJA;ALERGOLOGÍA;0.00
COMEF IAMPP;LAVALLEJA;ANESTESIOLOGÍA;0.00
COMEF IAMPP;LAVALLEJA;CARDIOLOGÍA;0.00
COMEF IAMPP;LAVALLEJA;CARDIOLOGÍA PEDIÁTRICA;0.00
COMEF IAMPP;LAVALLEJA;CIRUGÍA GENERAL;0.00
COMEF IAMPP;LAVALLEJA;CIRUGÍA CARDÍACA;0.00
COMEF IAMPP;LAVALLEJA;CIRUGÍA DE TORAX;0.00
COMEF IAMPP;LAVALLEJA;CIRUGÍA PEDIÁTRICA;0.00
COMEF IAMPP;LAVALLEJA;CIRUGÍA PLÁSTICA;0.00
COMEF IAMPP;LAVALLEJA;CIRUGÍA VASCULAR PERIFÉRICA;0.00
COMEF IAMPP;LAVALLEJA;CIRUGÍA Y TRAUMATOLOGÍA BUCO-MAXILO-FACIAL;0.00
COMEF IAMPP;LAVALLEJA;CUIDADOS PALIATIVOS DEL ADULTO;0.00
COMEF IAMPP;LAVALLEJA;DERMATOLOGÍA;0.00
COMEF IAMPP;LAVALLEJA;DIABETOLOGÍA;0.00
COMEF IAMPP;LAVALLEJA;ENDOCRINOLOGÍA;0.00
COMEF IAMPP;LAVALLEJA;ENDOSCOPÍA DIGESTIVA;0.00
COMEF IAMPP;LAVALLEJA;ENFERMEDADES INFECCIOSAS;0.00
COMEF IAMPP;LAVALLEJA;FISIATRÍA;0.00
COMEF IAMPP;LAVALLEJA;GASTROENTEROLOGÍA;0.00
COMEF IAMPP;LAVALLEJA;GERIATRÍA;0.00
COMEF IAMPP;LAVALLEJA;GINECOTOCOLOGÍA;0.00
COMEF IAMPP;LAVALLEJA;HEMATOLOGÍA;0.00
COMEF IAMPP;LAVALLEJA;MEDICINA FAMILIAR Y COMUNITARIA;0.00
COMEF IAMPP;LAVALLEJA;MEDICINA INTENSIVA;0.00
COMEF IAMPP;LAVALLEJA;MEDICINA INTENSIVA PEDIÁTRICA;0.00
COMEF IAMPP;LAVALLEJA;MEDICINA INTERNA;0.00
COMEF IAMPP;LAVALLEJA;NEFROLOGÍA;0.00
COMEF IAMPP;LAVALLEJA;NEFROLOGÍA PEDIÁTRICA;0.00
COMEF IAMPP;LAVALLEJA;NEONATOLOGÍA;0.00
COMEF IAMPP;LAVALLEJA;NEUMOLOGÍA;0.00
COMEF IAMPP;LAVALLEJA;NEUMOLOGÍA PEDIÁTRICA;0.00
COMEF IAMPP;LAVALLEJA;NEUROCIRUGÍA;0.00
COMEF IAMPP;LAVALLEJA;NEUROLOGÍA;0.00
COMEF IAMPP;LAVALLEJA;NEUROPEDIATRÍA;0.00
COMEF IAMPP;LAVALLEJA;OFTALMOLOGÍA;0.00
COMEF IAMPP;LAVALLEJA;ONCOLOGÍA MÉDICA;0.00
COMEF IAMPP;LAVALLEJA;ONCOLOGÍA RADIOTERÁPICA;0.00
COMEF IAMPP;LAVALLEJA;TRAUMATOLOGÍA;0.00
COMEF IAMPP;LAVALLEJA;OTORRINOLARINGOLOGÍA;0.00
COMEF IAMPP;LAVALLEJA;PEDIATRÍA;0.00
COMEF IAMPP;LAVALLEJA;PSICOTERAPIA PSICOANALÍTICA;0.00
COMEF IAMPP;LAVALLEJA;PSIQUIATRÍA;0.00
COMEF IAMPP;LAVALLEJA;PSIQUIATRÍA PEDIÁTRICA;0.00
COMEF IAMPP;LAVALLEJA;REUMATOLOGÍA;0.00
COMEF IAMPP;LAVALLEJA;UROLOGÍA;0.00
COMEF IAMPP;LAVALLEJA;UROLOGÍA PEDIÁTRICA;0.00
COMEF IAMPP;LAVALLEJA;FISIOTERAPÍA;0.00
COMEF IAMPP;LAVALLEJA;FONOAUDIOLOGÍA;0.00
COMEF IAMPP;LAVALLEJA;NUTRICIÓN;0.00
COMEF IAMPP;LAVALLEJA;PSICOLOGÍA;0.00
COMEF IAMPP;LAVALLEJA;PSICOMOTRICIDAD;0.00
COMEF IAMPP;LAVALLEJA;PSICOPEDAGOGÍA;0.00
COMEF IAMPP;LAVALLEJA;TRABAJO SOCIAL;0.00
COMEF IAMPP;LAVALLEJA;OBSTETRA PARTERA;0.00
COMEF IAMPP;MALDONADO;MEDICINA GENERAL;0.00
COMEF IAMPP;MALDONADO;ODONTOLOGÍA;0.00
COMEF IAMPP;MALDONADO;ALERGOLOGÍA;0.00
COMEF IAMPP;MALDONADO;ANESTESIOLOGÍA;0.00
COMEF IAMPP;MALDONADO;CARDIOLOGÍA;0.00
COMEF IAMPP;MALDONADO;CARDIOLOGÍA PEDIÁTRICA;0.00
COMEF IAMPP;MALDONADO;CIRUGÍA GENERAL;0.00
COMEF IAMPP;MALDONADO;CIRUGÍA CARDÍACA;0.00
COMEF IAMPP;MALDONADO;CIRUGÍA DE TORAX;0.00
COMEF IAMPP;MALDONADO;CIRUGÍA PEDIÁTRICA;0.00
COMEF IAMPP;MALDONADO;CIRUGÍA PLÁSTICA;0.00
COMEF IAMPP;MALDONADO;CIRUGÍA VASCULAR PERIFÉRICA;0.00
COMEF IAMPP;MALDONADO;CIRUGÍA Y TRAUMATOLOGÍA BUCO-MAXILO-FACIAL;0.00
COMEF IAMPP;MALDONADO;CUIDADOS PALIATIVOS DEL ADULTO;0.00
COMEF IAMPP;MALDONADO;DERMATOLOGÍA;0.00
COMEF IAMPP;MALDONADO;DIABETOLOGÍA;0.00
COMEF IAMPP;MALDONADO;ENDOCRINOLOGÍA;0.00
COMEF IAMPP;MALDONADO;ENDOSCOPÍA DIGESTIVA;0.00
COMEF IAMPP;MALDONADO;ENFERMEDADES INFECCIOSAS;0.00
COMEF IAMPP;MALDONADO;FISIATRÍA;0.00
COMEF IAMPP;MALDONADO;GASTROENTEROLOGÍA;0.00
COMEF IAMPP;MALDONADO;GERIATRÍA;0.00
COMEF IAMPP;MALDONADO;GINECOTOCOLOGÍA;0.00
COMEF IAMPP;MALDONADO;HEMATOLOGÍA;0.00
COMEF IAMPP;MALDONADO;MEDICINA FAMILIAR Y COMUNITARIA;0.00
COMEF IAMPP;MALDONADO;MEDICINA INTENSIVA;0.00
COMEF IAMPP;MALDONADO;MEDICINA INTENSIVA PEDIÁTRICA;0.00
COMEF IAMPP;MALDONADO;MEDICINA INTERNA;0.00
COMEF IAMPP;MALDONADO;NEFROLOGÍA;0.00
COMEF IAMPP;MALDONADO;NEFROLOGÍA PEDIÁTRICA;0.00
COMEF IAMPP;MALDONADO;NEONATOLOGÍA;0.00
COMEF IAMPP;MALDONADO;NEUMOLOGÍA;0.00
COMEF IAMPP;MALDONADO;NEUMOLOGÍA PEDIÁTRICA;0.00
COMEF IAMPP;MALDONADO;NEUROCIRUGÍA;0.00
COMEF IAMPP;MALDONADO;NEUROLOGÍA;0.00
COMEF IAMPP;MALDONADO;NEUROPEDIATRÍA;0.00
COMEF IAMPP;MALDONADO;OFTALMOLOGÍA;0.00
COMEF IAMPP;MALDONADO;ONCOLOGÍA MÉDICA;0.00
COMEF IAMPP;MALDONADO;ONCOLOGÍA RADIOTERÁPICA;0.00
COMEF IAMPP;MALDONADO;TRAUMATOLOGÍA;0.00
COMEF IAMPP;MALDONADO;OTORRINOLARINGOLOGÍA;0.00
COMEF IAMPP;MALDONADO;PEDIATRÍA;0.00
COMEF IAMPP;MALDONADO;PSICOTERAPIA PSICOANALÍTICA;0.00
COMEF IAMPP;MALDONADO;PSIQUIATRÍA;0.00
COMEF IAMPP;MALDONADO;PSIQUIATRÍA PEDIÁTRICA;0.00
COMEF IAMPP;MALDONADO;REUMATOLOGÍA;0.00
COMEF IAMPP;MALDONADO;UROLOGÍA;0.00
COMEF IAMPP;MALDONADO;UROLOGÍA PEDIÁTRICA;0.00
COMEF IAMPP;MALDONADO;FISIOTERAPÍA;0.00
COMEF IAMPP;MALDONADO;FONOAUDIOLOGÍA;0.00
COMEF IAMPP;MALDONADO;NUTRICIÓN;0.00
COMEF IAMPP;MALDONADO;PSICOLOGÍA;0.00
COMEF IAMPP;MALDONADO;PSICOMOTRICIDAD;0.00
COMEF IAMPP;MALDONADO;PSICOPEDAGOGÍA;0.00
COMEF IAMPP;MALDONADO;TRABAJO SOCIAL;0.00
COMEF IAMPP;MALDONADO;OBSTETRA PARTERA;0.00
COMEF IAMPP;PAYSANDÚ;MEDICINA GENERAL;0.00
COMEF IAMPP;PAYSANDÚ;ODONTOLOGÍA;0.00
COMEF IAMPP;PAYSANDÚ;ALERGOLOGÍA;0.00
COMEF IAMPP;PAYSANDÚ;ANESTESIOLOGÍA;0.00
COMEF IAMPP;PAYSANDÚ;CARDIOLOGÍA;0.00
COMEF IAMPP;PAYSANDÚ;CARDIOLOGÍA PEDIÁTRICA;0.00
COMEF IAMPP;PAYSANDÚ;CIRUGÍA GENERAL;0.00
COMEF IAMPP;PAYSANDÚ;CIRUGÍA CARDÍACA;0.00
COMEF IAMPP;PAYSANDÚ;CIRUGÍA DE TORAX;0.00
COMEF IAMPP;PAYSANDÚ;CIRUGÍA PEDIÁTRICA;0.00
COMEF IAMPP;PAYSANDÚ;CIRUGÍA PLÁSTICA;0.00
COMEF IAMPP;PAYSANDÚ;CIRUGÍA VASCULAR PERIFÉRICA;0.00
COMEF IAMPP;PAYSANDÚ;CIRUGÍA Y TRAUMATOLOGÍA BUCO-MAXILO-FACIAL;0.00
COMEF IAMPP;PAYSANDÚ;CUIDADOS PALIATIVOS DEL ADULTO;0.00
COMEF IAMPP;PAYSANDÚ;DERMATOLOGÍA;0.00
COMEF IAMPP;PAYSANDÚ;DIABETOLOGÍA;0.00
COMEF IAMPP;PAYSANDÚ;ENDOCRINOLOGÍA;0.00
COMEF IAMPP;PAYSANDÚ;ENDOSCOPÍA DIGESTIVA;0.00
COMEF IAMPP;PAYSANDÚ;ENFERMEDADES INFECCIOSAS;0.00
COMEF IAMPP;PAYSANDÚ;FISIATRÍA;0.00
COMEF IAMPP;PAYSANDÚ;GASTROENTEROLOGÍA;0.00
COMEF IAMPP;PAYSANDÚ;GERIATRÍA;0.00
COMEF IAMPP;PAYSANDÚ;GINECOTOCOLOGÍA;0.00
COMEF IAMPP;PAYSANDÚ;HEMATOLOGÍA;0.00
COMEF IAMPP;PAYSANDÚ;MEDICINA FAMILIAR Y COMUNITARIA;0.00
COMEF IAMPP;PAYSANDÚ;MEDICINA INTENSIVA;0.00
COMEF IAMPP;PAYSANDÚ;MEDICINA INTENSIVA PEDIÁTRICA;0.00
COMEF IAMPP;PAYSANDÚ;MEDICINA INTERNA;0.00
COMEF IAMPP;PAYSANDÚ;NEFROLOGÍA;0.00
COMEF IAMPP;PAYSANDÚ;NEFROLOGÍA PEDIÁTRICA;0.00
COMEF IAMPP;PAYSANDÚ;NEONATOLOGÍA;0.00
COMEF IAMPP;PAYSANDÚ;NEUMOLOGÍA;0.00
COMEF IAMPP;PAYSANDÚ;NEUMOLOGÍA PEDIÁTRICA;0.00
COMEF IAMPP;PAYSANDÚ;NEUROCIRUGÍA;0.00
COMEF IAMPP;PAYSANDÚ;NEUROLOGÍA;0.00
COMEF IAMPP;PAYSANDÚ;NEUROPEDIATRÍA;0.00
COMEF IAMPP;PAYSANDÚ;OFTALMOLOGÍA;0.00
COMEF IAMPP;PAYSANDÚ;ONCOLOGÍA MÉDICA;0.00
COMEF IAMPP;PAYSANDÚ;ONCOLOGÍA RADIOTERÁPICA;0.00
COMEF IAMPP;PAYSANDÚ;TRAUMATOLOGÍA;0.00
COMEF IAMPP;PAYSANDÚ;OTORRINOLARINGOLOGÍA;0.00
COMEF IAMPP;PAYSANDÚ;PEDIATRÍA;0.00
COMEF IAMPP;PAYSANDÚ;PSICOTERAPIA PSICOANALÍTICA;0.00
COMEF IAMPP;PAYSANDÚ;PSIQUIATRÍA;0.00
COMEF IAMPP;PAYSANDÚ;PSIQUIATRÍA PEDIÁTRICA;0.00
COMEF IAMPP;PAYSANDÚ;REUMATOLOGÍA;0.00
COMEF IAMPP;PAYSANDÚ;UROLOGÍA;0.00
COMEF IAMPP;PAYSANDÚ;UROLOGÍA PEDIÁTRICA;0.00
COMEF IAMPP;PAYSANDÚ;FISIOTERAPÍA;0.00
COMEF IAMPP;PAYSANDÚ;FONOAUDIOLOGÍA;0.00
COMEF IAMPP;PAYSANDÚ;NUTRICIÓN;0.00
COMEF IAMPP;PAYSANDÚ;PSICOLOGÍA;0.00
COMEF IAMPP;PAYSANDÚ;PSICOMOTRICIDAD;0.00
COMEF IAMPP;PAYSANDÚ;PSICOPEDAGOGÍA;0.00
COMEF IAMPP;PAYSANDÚ;TRABAJO SOCIAL;0.00
COMEF IAMPP;PAYSANDÚ;OBSTETRA PARTERA;0.00
COMEF IAMPP;RÍO NEGRO;MEDICINA GENERAL;0.00
COMEF IAMPP;RÍO NEGRO;ODONTOLOGÍA;0.00
COMEF IAMPP;RÍO NEGRO;ALERGOLOGÍA;0.00
COMEF IAMPP;RÍO NEGRO;ANESTESIOLOGÍA;0.00
COMEF IAMPP;RÍO NEGRO;CARDIOLOGÍA;0.00
COMEF IAMPP;RÍO NEGRO;CARDIOLOGÍA PEDIÁTRICA;0.00
COMEF IAMPP;RÍO NEGRO;CIRUGÍA GENERAL;0.00
COMEF IAMPP;RÍO NEGRO;CIRUGÍA CARDÍACA;0.00
COMEF IAMPP;RÍO NEGRO;CIRUGÍA DE TORAX;0.00
COMEF IAMPP;RÍO NEGRO;CIRUGÍA PEDIÁTRICA;0.00
COMEF IAMPP;RÍO NEGRO;CIRUGÍA PLÁSTICA;0.00
COMEF IAMPP;RÍO NEGRO;CIRUGÍA VASCULAR PERIFÉRICA;0.00
COMEF IAMPP;RÍO NEGRO;CIRUGÍA Y TRAUMATOLOGÍA BUCO-MAXILO-FACIAL;0.00
COMEF IAMPP;RÍO NEGRO;CUIDADOS PALIATIVOS DEL ADULTO;0.00
COMEF IAMPP;RÍO NEGRO;DERMATOLOGÍA;0.00
COMEF IAMPP;RÍO NEGRO;DIABETOLOGÍA;0.00
COMEF IAMPP;RÍO NEGRO;ENDOCRINOLOGÍA;0.00
COMEF IAMPP;RÍO NEGRO;ENDOSCOPÍA DIGESTIVA;0.00
COMEF IAMPP;RÍO NEGRO;ENFERMEDADES INFECCIOSAS;0.00
COMEF IAMPP;RÍO NEGRO;FISIATRÍA;0.00
COMEF IAMPP;RÍO NEGRO;GASTROENTEROLOGÍA;0.00
COMEF IAMPP;RÍO NEGRO;GERIATRÍA;0.00
COMEF IAMPP;RÍO NEGRO;GINECOTOCOLOGÍA;0.00
COMEF IAMPP;RÍO NEGRO;HEMATOLOGÍA;0.00
COMEF IAMPP;RÍO NEGRO;MEDICINA FAMILIAR Y COMUNITARIA;0.00
COMEF IAMPP;RÍO NEGRO;MEDICINA INTENSIVA;0.00
COMEF IAMPP;RÍO NEGRO;MEDICINA INTENSIVA PEDIÁTRICA;0.00
COMEF IAMPP;RÍO NEGRO;MEDICINA INTERNA;0.00
COMEF IAMPP;RÍO NEGRO;NEFROLOGÍA;0.00
COMEF IAMPP;RÍO NEGRO;NEFROLOGÍA PEDIÁTRICA;0.00
COMEF IAMPP;RÍO NEGRO;NEONATOLOGÍA;0.00
COMEF IAMPP;RÍO NEGRO;NEUMOLOGÍA;0.00
COMEF IAMPP;RÍO NEGRO;NEUMOLOGÍA PEDIÁTRICA;0.00
COMEF IAMPP;RÍO NEGRO;NEUROCIRUGÍA;0.00
COMEF IAMPP;RÍO NEGRO;NEUROLOGÍA;0.00
COMEF IAMPP;RÍO NEGRO;NEUROPEDIATRÍA;0.00
COMEF IAMPP;RÍO NEGRO;OFTALMOLOGÍA;0.00
COMEF IAMPP;RÍO NEGRO;ONCOLOGÍA MÉDICA;0.00
COMEF IAMPP;RÍO NEGRO;ONCOLOGÍA RADIOTERÁPICA;0.00
COMEF IAMPP;RÍO NEGRO;TRAUMATOLOGÍA;0.00
COMEF IAMPP;RÍO NEGRO;OTORRINOLARINGOLOGÍA;0.00
COMEF IAMPP;RÍO NEGRO;PEDIATRÍA;0.00
COMEF IAMPP;RÍO NEGRO;PSICOTERAPIA PSICOANALÍTICA;0.00
COMEF IAMPP;RÍO NEGRO;PSIQUIATRÍA;0.00
COMEF IAMPP;RÍO NEGRO;PSIQUIATRÍA PEDIÁTRICA;0.00
COMEF IAMPP;RÍO NEGRO;REUMATOLOGÍA;0.00
COMEF IAMPP;RÍO NEGRO;UROLOGÍA;0.00
COMEF IAMPP;RÍO NEGRO;UROLOGÍA PEDIÁTRICA;0.00
COMEF IAMPP;RÍO NEGRO;FISIOTERAPÍA;0.00
COMEF IAMPP;RÍO NEGRO;FONOAUDIOLOGÍA;0.00
COMEF IAMPP;RÍO NEGRO;NUTRICIÓN;0.00
COMEF IAMPP;RÍO NEGRO;PSICOLOGÍA;0.00
COMEF IAMPP;RÍO NEGRO;PSICOMOTRICIDAD;0.00
COMEF IAMPP;RÍO NEGRO;PSICOPEDAGOGÍA;0.00
COMEF IAMPP;RÍO NEGRO;TRABAJO SOCIAL;0.00
COMEF IAMPP;RÍO NEGRO;OBSTETRA PARTERA;0.00
COMEF IAMPP;RIVERA;MEDICINA GENERAL;0.00
COMEF IAMPP;RIVERA;ODONTOLOGÍA;0.00
COMEF IAMPP;RIVERA;ALERGOLOGÍA;0.00
COMEF IAMPP;RIVERA;ANESTESIOLOGÍA;0.00
COMEF IAMPP;RIVERA;CARDIOLOGÍA;0.00
COMEF IAMPP;RIVERA;CARDIOLOGÍA PEDIÁTRICA;0.00
COMEF IAMPP;RIVERA;CIRUGÍA GENERAL;0.00
COMEF IAMPP;RIVERA;CIRUGÍA CARDÍACA;0.00
COMEF IAMPP;RIVERA;CIRUGÍA DE TORAX;0.00
COMEF IAMPP;RIVERA;CIRUGÍA PEDIÁTRICA;0.00
COMEF IAMPP;RIVERA;CIRUGÍA PLÁSTICA;0.00
COMEF IAMPP;RIVERA;CIRUGÍA VASCULAR PERIFÉRICA;0.00
COMEF IAMPP;RIVERA;CIRUGÍA Y TRAUMATOLOGÍA BUCO-MAXILO-FACIAL;0.00
COMEF IAMPP;RIVERA;CUIDADOS PALIATIVOS DEL ADULTO;0.00
COMEF IAMPP;RIVERA;DERMATOLOGÍA;0.00
COMEF IAMPP;RIVERA;DIABETOLOGÍA;0.00
COMEF IAMPP;RIVERA;ENDOCRINOLOGÍA;0.00
COMEF IAMPP;RIVERA;ENDOSCOPÍA DIGESTIVA;0.00
COMEF IAMPP;RIVERA;ENFERMEDADES INFECCIOSAS;0.00
COMEF IAMPP;RIVERA;FISIATRÍA;0.00
COMEF IAMPP;RIVERA;GASTROENTEROLOGÍA;0.00
COMEF IAMPP;RIVERA;GERIATRÍA;0.00
COMEF IAMPP;RIVERA;GINECOTOCOLOGÍA;0.00
COMEF IAMPP;RIVERA;HEMATOLOGÍA;0.00
COMEF IAMPP;RIVERA;MEDICINA FAMILIAR Y COMUNITARIA;0.00
COMEF IAMPP;RIVERA;MEDICINA INTENSIVA;0.00
COMEF IAMPP;RIVERA;MEDICINA INTENSIVA PEDIÁTRICA;0.00
COMEF IAMPP;RIVERA;MEDICINA INTERNA;0.00
COMEF IAMPP;RIVERA;NEFROLOGÍA;0.00
COMEF IAMPP;RIVERA;NEFROLOGÍA PEDIÁTRICA;0.00
COMEF IAMPP;RIVERA;NEONATOLOGÍA;0.00
COMEF IAMPP;RIVERA;NEUMOLOGÍA;0.00
COMEF IAMPP;RIVERA;NEUMOLOGÍA PEDIÁTRICA;0.00
COMEF IAMPP;RIVERA;NEUROCIRUGÍA;0.00
COMEF IAMPP;RIVERA;NEUROLOGÍA;0.00
COMEF IAMPP;RIVERA;NEUROPEDIATRÍA;0.00
COMEF IAMPP;RIVERA;OFTALMOLOGÍA;0.00
COMEF IAMPP;RIVERA;ONCOLOGÍA MÉDICA;0.00
COMEF IAMPP;RIVERA;ONCOLOGÍA RADIOTERÁPICA;0.00
COMEF IAMPP;RIVERA;TRAUMATOLOGÍA;0.00
COMEF IAMPP;RIVERA;OTORRINOLARINGOLOGÍA;0.00
COMEF IAMPP;RIVERA;PEDIATRÍA;0.00
COMEF IAMPP;RIVERA;PSICOTERAPIA PSICOANALÍTICA;0.00
COMEF IAMPP;RIVERA;PSIQUIATRÍA;0.00
COMEF IAMPP;RIVERA;PSIQUIATRÍA PEDIÁTRICA;0.00
COMEF IAMPP;RIVERA;REUMATOLOGÍA;0.00
COMEF IAMPP;RIVERA;UROLOGÍA;0.00
COMEF IAMPP;RIVERA;UROLOGÍA PEDIÁTRICA;0.00
COMEF IAMPP;RIVERA;FISIOTERAPÍA;0.00
COMEF IAMPP;RIVERA;FONOAUDIOLOGÍA;0.00
COMEF IAMPP;RIVERA;NUTRICIÓN;0.00
COMEF IAMPP;RIVERA;PSICOLOGÍA;0.00
COMEF IAMPP;RIVERA;PSICOMOTRICIDAD;0.00
COMEF IAMPP;RIVERA;PSICOPEDAGOGÍA;0.00
COMEF IAMPP;RIVERA;TRABAJO SOCIAL;0.00
COMEF IAMPP;RIVERA;OBSTETRA PARTERA;0.00
COMEF IAMPP;ROCHA;MEDICINA GENERAL;0.00
COMEF IAMPP;ROCHA;ODONTOLOGÍA;0.00
COMEF IAMPP;ROCHA;ALERGOLOGÍA;0.00
COMEF IAMPP;ROCHA;ANESTESIOLOGÍA;0.00
COMEF IAMPP;ROCHA;CARDIOLOGÍA;0.00
COMEF IAMPP;ROCHA;CARDIOLOGÍA PEDIÁTRICA;0.00
COMEF IAMPP;ROCHA;CIRUGÍA GENERAL;0.00
COMEF IAMPP;ROCHA;CIRUGÍA CARDÍACA;0.00
COMEF IAMPP;ROCHA;CIRUGÍA DE TORAX;0.00
COMEF IAMPP;ROCHA;CIRUGÍA PEDIÁTRICA;0.00
COMEF IAMPP;ROCHA;CIRUGÍA PLÁSTICA;0.00
COMEF IAMPP;ROCHA;CIRUGÍA VASCULAR PERIFÉRICA;0.00
COMEF IAMPP;ROCHA;CIRUGÍA Y TRAUMATOLOGÍA BUCO-MAXILO-FACIAL;0.00
COMEF IAMPP;ROCHA;CUIDADOS PALIATIVOS DEL ADULTO;0.00
COMEF IAMPP;ROCHA;DERMATOLOGÍA;0.00
COMEF IAMPP;ROCHA;DIABETOLOGÍA;0.00
COMEF IAMPP;ROCHA;ENDOCRINOLOGÍA;0.00
COMEF IAMPP;ROCHA;ENDOSCOPÍA DIGESTIVA;0.00
COMEF IAMPP;ROCHA;ENFERMEDADES INFECCIOSAS;0.00
COMEF IAMPP;ROCHA;FISIATRÍA;0.00
COMEF IAMPP;ROCHA;GASTROENTEROLOGÍA;0.00
COMEF IAMPP;ROCHA;GERIATRÍA;0.00
COMEF IAMPP;ROCHA;GINECOTOCOLOGÍA;0.00
COMEF IAMPP;ROCHA;HEMATOLOGÍA;0.00
COMEF IAMPP;ROCHA;MEDICINA FAMILIAR Y COMUNITARIA;0.00
COMEF IAMPP;ROCHA;MEDICINA INTENSIVA;0.00
COMEF IAMPP;ROCHA;MEDICINA INTENSIVA PEDIÁTRICA;0.00
COMEF IAMPP;ROCHA;MEDICINA INTERNA;0.00
COMEF IAMPP;ROCHA;NEFROLOGÍA;0.00
COMEF IAMPP;ROCHA;NEFROLOGÍA PEDIÁTRICA;0.00
COMEF IAMPP;ROCHA;NEONATOLOGÍA;0.00
COMEF IAMPP;ROCHA;NEUMOLOGÍA;0.00
COMEF IAMPP;ROCHA;NEUMOLOGÍA PEDIÁTRICA;0.00
COMEF IAMPP;ROCHA;NEUROCIRUGÍA;0.00
COMEF IAMPP;ROCHA;NEUROLOGÍA;0.00
COMEF IAMPP;ROCHA;NEUROPEDIATRÍA;0.00
COMEF IAMPP;ROCHA;OFTALMOLOGÍA;0.00
COMEF IAMPP;ROCHA;ONCOLOGÍA MÉDICA;0.00
COMEF IAMPP;ROCHA;ONCOLOGÍA RADIOTERÁPICA;0.00
COMEF IAMPP;ROCHA;TRAUMATOLOGÍA;0.00
COMEF IAMPP;ROCHA;OTORRINOLARINGOLOGÍA;0.00
COMEF IAMPP;ROCHA;PEDIATRÍA;0.00
COMEF IAMPP;ROCHA;PSICOTERAPIA PSICOANALÍTICA;0.00
COMEF IAMPP;ROCHA;PSIQUIATRÍA;0.00
COMEF IAMPP;ROCHA;PSIQUIATRÍA PEDIÁTRICA;0.00
COMEF IAMPP;ROCHA;REUMATOLOGÍA;0.00
COMEF IAMPP;ROCHA;UROLOGÍA;0.00
COMEF IAMPP;ROCHA;UROLOGÍA PEDIÁTRICA;0.00
COMEF IAMPP;ROCHA;FISIOTERAPÍA;0.00
COMEF IAMPP;ROCHA;FONOAUDIOLOGÍA;0.00
COMEF IAMPP;ROCHA;NUTRICIÓN;0.00
COMEF IAMPP;ROCHA;PSICOLOGÍA;0.00
COMEF IAMPP;ROCHA;PSICOMOTRICIDAD;0.00
COMEF IAMPP;ROCHA;PSICOPEDAGOGÍA;0.00
COMEF IAMPP;ROCHA;TRABAJO SOCIAL;0.00
COMEF IAMPP;ROCHA;OBSTETRA PARTERA;0.00
COMEF IAMPP;SALTO;MEDICINA GENERAL;0.00
COMEF IAMPP;SALTO;ODONTOLOGÍA;0.00
COMEF IAMPP;SALTO;ALERGOLOGÍA;0.00
COMEF IAMPP;SALTO;ANESTESIOLOGÍA;0.00
COMEF IAMPP;SALTO;CARDIOLOGÍA;0.00
COMEF IAMPP;SALTO;CARDIOLOGÍA PEDIÁTRICA;0.00
COMEF IAMPP;SALTO;CIRUGÍA GENERAL;0.00
COMEF IAMPP;SALTO;CIRUGÍA CARDÍACA;0.00
COMEF IAMPP;SALTO;CIRUGÍA DE TORAX;0.00
COMEF IAMPP;SALTO;CIRUGÍA PEDIÁTRICA;0.00
COMEF IAMPP;SALTO;CIRUGÍA PLÁSTICA;0.00
COMEF IAMPP;SALTO;CIRUGÍA VASCULAR PERIFÉRICA;0.00
COMEF IAMPP;SALTO;CIRUGÍA Y TRAUMATOLOGÍA BUCO-MAXILO-FACIAL;0.00
COMEF IAMPP;SALTO;CUIDADOS PALIATIVOS DEL ADULTO;0.00
COMEF IAMPP;SALTO;DERMATOLOGÍA;0.00
COMEF IAMPP;SALTO;DIABETOLOGÍA;0.00
COMEF IAMPP;SALTO;ENDOCRINOLOGÍA;0.00
COMEF IAMPP;SALTO;ENDOSCOPÍA DIGESTIVA;0.00
COMEF IAMPP;SALTO;ENFERMEDADES INFECCIOSAS;0.00
COMEF IAMPP;SALTO;FISIATRÍA;0.00
COMEF IAMPP;SALTO;GASTROENTEROLOGÍA;0.00
COMEF IAMPP;SALTO;GERIATRÍA;0.00
COMEF IAMPP;SALTO;GINECOTOCOLOGÍA;0.00
COMEF IAMPP;SALTO;HEMATOLOGÍA;0.00
COMEF IAMPP;SALTO;MEDICINA FAMILIAR Y COMUNITARIA;0.00
COMEF IAMPP;SALTO;MEDICINA INTENSIVA;0.00
COMEF IAMPP;SALTO;MEDICINA INTENSIVA PEDIÁTRICA;0.00
COMEF IAMPP;SALTO;MEDICINA INTERNA;0.00
COMEF IAMPP;SALTO;NEFROLOGÍA;0.00
COMEF IAMPP;SALTO;NEFROLOGÍA PEDIÁTRICA;0.00
COMEF IAMPP;SALTO;NEONATOLOGÍA;0.00
COMEF IAMPP;SALTO;NEUMOLOGÍA;0.00
COMEF IAMPP;SALTO;NEUMOLOGÍA PEDIÁTRICA;0.00
COMEF IAMPP;SALTO;NEUROCIRUGÍA;0.00
COMEF IAMPP;SALTO;NEUROLOGÍA;0.00
COMEF IAMPP;SALTO;NEUROPEDIATRÍA;0.00
COMEF IAMPP;SALTO;OFTALMOLOGÍA;0.00
COMEF IAMPP;SALTO;ONCOLOGÍA MÉDICA;0.00
COMEF IAMPP;SALTO;ONCOLOGÍA RADIOTERÁPICA;0.00
COMEF IAMPP;SALTO;TRAUMATOLOGÍA;0.00
COMEF IAMPP;SALTO;OTORRINOLARINGOLOGÍA;0.00
COMEF IAMPP;SALTO;PEDIATRÍA;0.00
COMEF IAMPP;SALTO;PSICOTERAPIA PSICOANALÍTICA;0.00
COMEF IAMPP;SALTO;PSIQUIATRÍA;0.00
COMEF IAMPP;SALTO;PSIQUIATRÍA PEDIÁTRICA;0.00
COMEF IAMPP;SALTO;REUMATOLOGÍA;0.00
COMEF IAMPP;SALTO;UROLOGÍA;0.00
COMEF IAMPP;SALTO;UROLOGÍA PEDIÁTRICA;0.00
COMEF IAMPP;SALTO;FISIOTERAPÍA;0.00
COMEF IAMPP;SALTO;FONOAUDIOLOGÍA;0.00
COMEF IAMPP;SALTO;NUTRICIÓN;0.00
COMEF IAMPP;SALTO;PSICOLOGÍA;0.00
COMEF IAMPP;SALTO;PSICOMOTRICIDAD;0.00
COMEF IAMPP;SALTO;PSICOPEDAGOGÍA;0.00
COMEF IAMPP;SALTO;TRABAJO SOCIAL;0.00
COMEF IAMPP;SALTO;OBSTETRA PARTERA;0.00
COMEF IAMPP;SAN JOSÉ;MEDICINA GENERAL;0.00
COMEF IAMPP;SAN JOSÉ;ODONTOLOGÍA;0.00
COMEF IAMPP;SAN JOSÉ;ALERGOLOGÍA;0.00
COMEF IAMPP;SAN JOSÉ;ANESTESIOLOGÍA;0.00
COMEF IAMPP;SAN JOSÉ;CARDIOLOGÍA;0.00
COMEF IAMPP;SAN JOSÉ;CARDIOLOGÍA PEDIÁTRICA;0.00
COMEF IAMPP;SAN JOSÉ;CIRUGÍA GENERAL;0.00
COMEF IAMPP;SAN JOSÉ;CIRUGÍA CARDÍACA;0.00
COMEF IAMPP;SAN JOSÉ;CIRUGÍA DE TORAX;0.00
COMEF IAMPP;SAN JOSÉ;CIRUGÍA PEDIÁTRICA;0.00
COMEF IAMPP;SAN JOSÉ;CIRUGÍA PLÁSTICA;0.00
COMEF IAMPP;SAN JOSÉ;CIRUGÍA VASCULAR PERIFÉRICA;0.00
COMEF IAMPP;SAN JOSÉ;CIRUGÍA Y TRAUMATOLOGÍA BUCO-MAXILO-FACIAL;0.00
COMEF IAMPP;SAN JOSÉ;CUIDADOS PALIATIVOS DEL ADULTO;0.00
COMEF IAMPP;SAN JOSÉ;DERMATOLOGÍA;0.00
COMEF IAMPP;SAN JOSÉ;DIABETOLOGÍA;0.00
COMEF IAMPP;SAN JOSÉ;ENDOCRINOLOGÍA;0.00
COMEF IAMPP;SAN JOSÉ;ENDOSCOPÍA DIGESTIVA;0.00
COMEF IAMPP;SAN JOSÉ;ENFERMEDADES INFECCIOSAS;0.00
COMEF IAMPP;SAN JOSÉ;FISIATRÍA;0.00
COMEF IAMPP;SAN JOSÉ;GASTROENTEROLOGÍA;0.00
COMEF IAMPP;SAN JOSÉ;GERIATRÍA;0.00
COMEF IAMPP;SAN JOSÉ;GINECOTOCOLOGÍA;0.00
COMEF IAMPP;SAN JOSÉ;HEMATOLOGÍA;0.00
COMEF IAMPP;SAN JOSÉ;MEDICINA FAMILIAR Y COMUNITARIA;0.00
COMEF IAMPP;SAN JOSÉ;MEDICINA INTENSIVA;0.00
COMEF IAMPP;SAN JOSÉ;MEDICINA INTENSIVA PEDIÁTRICA;0.00
COMEF IAMPP;SAN JOSÉ;MEDICINA INTERNA;0.00
COMEF IAMPP;SAN JOSÉ;NEFROLOGÍA;0.00
COMEF IAMPP;SAN JOSÉ;NEFROLOGÍA PEDIÁTRICA;0.00
COMEF IAMPP;SAN JOSÉ;NEONATOLOGÍA;0.00
COMEF IAMPP;SAN JOSÉ;NEUMOLOGÍA;0.00
COMEF IAMPP;SAN JOSÉ;NEUMOLOGÍA PEDIÁTRICA;0.00
COMEF IAMPP;SAN JOSÉ;NEUROCIRUGÍA;0.00
COMEF IAMPP;SAN JOSÉ;NEUROLOGÍA;0.00
COMEF IAMPP;SAN JOSÉ;NEUROPEDIATRÍA;0.00
COMEF IAMPP;SAN JOSÉ;OFTALMOLOGÍA;0.00
COMEF IAMPP;SAN JOSÉ;ONCOLOGÍA MÉDICA;0.00
COMEF IAMPP;SAN JOSÉ;ONCOLOGÍA RADIOTERÁPICA;0.00
COMEF IAMPP;SAN JOSÉ;TRAUMATOLOGÍA;0.00
COMEF IAMPP;SAN JOSÉ;OTORRINOLARINGOLOGÍA;0.00
COMEF IAMPP;SAN JOSÉ;PEDIATRÍA;0.00
COMEF IAMPP;SAN JOSÉ;PSICOTERAPIA PSICOANALÍTICA;0.00
COMEF IAMPP;SAN JOSÉ;PSIQUIATRÍA;0.00
COMEF IAMPP;SAN JOSÉ;PSIQUIATRÍA PEDIÁTRICA;0.00
COMEF IAMPP;SAN JOSÉ;REUMATOLOGÍA;0.00
COMEF IAMPP;SAN JOSÉ;UROLOGÍA;0.00
COMEF IAMPP;SAN JOSÉ;UROLOGÍA PEDIÁTRICA;0.00
COMEF IAMPP;SAN JOSÉ;FISIOTERAPÍA;0.00
COMEF IAMPP;SAN JOSÉ;FONOAUDIOLOGÍA;0.00
COMEF IAMPP;SAN JOSÉ;NUTRICIÓN;0.00
COMEF IAMPP;SAN JOSÉ;PSICOLOGÍA;0.00
COMEF IAMPP;SAN JOSÉ;PSICOMOTRICIDAD;0.00
COMEF IAMPP;SAN JOSÉ;PSICOPEDAGOGÍA;0.00
COMEF IAMPP;SAN JOSÉ;TRABAJO SOCIAL;0.00
COMEF IAMPP;SAN JOSÉ;OBSTETRA PARTERA;0.00
COMEF IAMPP;SORIANO;MEDICINA GENERAL;0.00
COMEF IAMPP;SORIANO;ODONTOLOGÍA;0.00
COMEF IAMPP;SORIANO;ALERGOLOGÍA;0.00
COMEF IAMPP;SORIANO;ANESTESIOLOGÍA;0.00
COMEF IAMPP;SORIANO;CARDIOLOGÍA;0.00
COMEF IAMPP;SORIANO;CARDIOLOGÍA PEDIÁTRICA;0.00
COMEF IAMPP;SORIANO;CIRUGÍA GENERAL;0.00
COMEF IAMPP;SORIANO;CIRUGÍA CARDÍACA;0.00
COMEF IAMPP;SORIANO;CIRUGÍA DE TORAX;0.00
COMEF IAMPP;SORIANO;CIRUGÍA PEDIÁTRICA;0.00
COMEF IAMPP;SORIANO;CIRUGÍA PLÁSTICA;0.00
COMEF IAMPP;SORIANO;CIRUGÍA VASCULAR PERIFÉRICA;0.00
COMEF IAMPP;SORIANO;CIRUGÍA Y TRAUMATOLOGÍA BUCO-MAXILO-FACIAL;0.00
COMEF IAMPP;SORIANO;CUIDADOS PALIATIVOS DEL ADULTO;0.00
COMEF IAMPP;SORIANO;DERMATOLOGÍA;0.00
COMEF IAMPP;SORIANO;DIABETOLOGÍA;0.00
COMEF IAMPP;SORIANO;ENDOCRINOLOGÍA;0.00
COMEF IAMPP;SORIANO;ENDOSCOPÍA DIGESTIVA;0.00
COMEF IAMPP;SORIANO;ENFERMEDADES INFECCIOSAS;0.00
COMEF IAMPP;SORIANO;FISIATRÍA;0.00
COMEF IAMPP;SORIANO;GASTROENTEROLOGÍA;0.00
COMEF IAMPP;SORIANO;GERIATRÍA;0.00
COMEF IAMPP;SORIANO;GINECOTOCOLOGÍA;0.00
COMEF IAMPP;SORIANO;HEMATOLOGÍA;0.00
COMEF IAMPP;SORIANO;MEDICINA FAMILIAR Y COMUNITARIA;0.00
COMEF IAMPP;SORIANO;MEDICINA INTENSIVA;0.00
COMEF IAMPP;SORIANO;MEDICINA INTENSIVA PEDIÁTRICA;0.00
COMEF IAMPP;SORIANO;MEDICINA INTERNA;0.00
COMEF IAMPP;SORIANO;NEFROLOGÍA;0.00
COMEF IAMPP;SORIANO;NEFROLOGÍA PEDIÁTRICA;0.00
COMEF IAMPP;SORIANO;NEONATOLOGÍA;0.00
COMEF IAMPP;SORIANO;NEUMOLOGÍA;0.00
COMEF IAMPP;SORIANO;NEUMOLOGÍA PEDIÁTRICA;0.00
COMEF IAMPP;SORIANO;NEUROCIRUGÍA;0.00
COMEF IAMPP;SORIANO;NEUROLOGÍA;0.00
COMEF IAMPP;SORIANO;NEUROPEDIATRÍA;0.00
COMEF IAMPP;SORIANO;OFTALMOLOGÍA;0.00
COMEF IAMPP;SORIANO;ONCOLOGÍA MÉDICA;0.00
COMEF IAMPP;SORIANO;ONCOLOGÍA RADIOTERÁPICA;0.00
COMEF IAMPP;SORIANO;TRAUMATOLOGÍA;0.00
COMEF IAMPP;SORIANO;OTORRINOLARINGOLOGÍA;0.00
COMEF IAMPP;SORIANO;PEDIATRÍA;0.00
COMEF IAMPP;SORIANO;PSICOTERAPIA PSICOANALÍTICA;0.00
COMEF IAMPP;SORIANO;PSIQUIATRÍA;0.00
COMEF IAMPP;SORIANO;PSIQUIATRÍA PEDIÁTRICA;0.00
COMEF IAMPP;SORIANO;REUMATOLOGÍA;0.00
COMEF IAMPP;SORIANO;UROLOGÍA;0.00
COMEF IAMPP;SORIANO;UROLOGÍA PEDIÁTRICA;0.00
COMEF IAMPP;SORIANO;FISIOTERAPÍA;0.00
COMEF IAMPP;SORIANO;FONOAUDIOLOGÍA;0.00
COMEF IAMPP;SORIANO;NUTRICIÓN;0.00
COMEF IAMPP;SORIANO;PSICOLOGÍA;0.00
COMEF IAMPP;SORIANO;PSICOMOTRICIDAD;0.00
COMEF IAMPP;SORIANO;PSICOPEDAGOGÍA;0.00
COMEF IAMPP;SORIANO;TRABAJO SOCIAL;0.00
COMEF IAMPP;SORIANO;OBSTETRA PARTERA;0.00
COMEF IAMPP;TACUAREMBÓ;MEDICINA GENERAL;0.00
COMEF IAMPP;TACUAREMBÓ;ODONTOLOGÍA;0.00
COMEF IAMPP;TACUAREMBÓ;ALERGOLOGÍA;0.00
COMEF IAMPP;TACUAREMBÓ;ANESTESIOLOGÍA;0.00
COMEF IAMPP;TACUAREMBÓ;CARDIOLOGÍA;0.00
COMEF IAMPP;TACUAREMBÓ;CARDIOLOGÍA PEDIÁTRICA;0.00
COMEF IAMPP;TACUAREMBÓ;CIRUGÍA GENERAL;0.00
COMEF IAMPP;TACUAREMBÓ;CIRUGÍA CARDÍACA;0.00
COMEF IAMPP;TACUAREMBÓ;CIRUGÍA DE TORAX;0.00
COMEF IAMPP;TACUAREMBÓ;CIRUGÍA PEDIÁTRICA;0.00
COMEF IAMPP;TACUAREMBÓ;CIRUGÍA PLÁSTICA;0.00
COMEF IAMPP;TACUAREMBÓ;CIRUGÍA VASCULAR PERIFÉRICA;0.00
COMEF IAMPP;TACUAREMBÓ;CIRUGÍA Y TRAUMATOLOGÍA BUCO-MAXILO-FACIAL;0.00
COMEF IAMPP;TACUAREMBÓ;CUIDADOS PALIATIVOS DEL ADULTO;0.00
COMEF IAMPP;TACUAREMBÓ;DERMATOLOGÍA;0.00
COMEF IAMPP;TACUAREMBÓ;DIABETOLOGÍA;0.00
COMEF IAMPP;TACUAREMBÓ;ENDOCRINOLOGÍA;0.00
COMEF IAMPP;TACUAREMBÓ;ENDOSCOPÍA DIGESTIVA;0.00
COMEF IAMPP;TACUAREMBÓ;ENFERMEDADES INFECCIOSAS;0.00
COMEF IAMPP;TACUAREMBÓ;FISIATRÍA;0.00
COMEF IAMPP;TACUAREMBÓ;GASTROENTEROLOGÍA;0.00
COMEF IAMPP;TACUAREMBÓ;GERIATRÍA;0.00
COMEF IAMPP;TACUAREMBÓ;GINECOTOCOLOGÍA;0.00
COMEF IAMPP;TACUAREMBÓ;HEMATOLOGÍA;0.00
COMEF IAMPP;TACUAREMBÓ;MEDICINA FAMILIAR Y COMUNITARIA;0.00
COMEF IAMPP;TACUAREMBÓ;MEDICINA INTENSIVA;0.00
COMEF IAMPP;TACUAREMBÓ;MEDICINA INTENSIVA PEDIÁTRICA;0.00
COMEF IAMPP;TACUAREMBÓ;MEDICINA INTERNA;0.00
COMEF IAMPP;TACUAREMBÓ;NEFROLOGÍA;0.00
COMEF IAMPP;TACUAREMBÓ;NEFROLOGÍA PEDIÁTRICA;0.00
COMEF IAMPP;TACUAREMBÓ;NEONATOLOGÍA;0.00
COMEF IAMPP;TACUAREMBÓ;NEUMOLOGÍA;0.00
COMEF IAMPP;TACUAREMBÓ;NEUMOLOGÍA PEDIÁTRICA;0.00
COMEF IAMPP;TACUAREMBÓ;NEUROCIRUGÍA;0.00
COMEF IAMPP;TACUAREMBÓ;NEUROLOGÍA;0.00
COMEF IAMPP;TACUAREMBÓ;NEUROPEDIATRÍA;0.00
COMEF IAMPP;TACUAREMBÓ;OFTALMOLOGÍA;0.00
COMEF IAMPP;TACUAREMBÓ;ONCOLOGÍA MÉDICA;0.00
COMEF IAMPP;TACUAREMBÓ;ONCOLOGÍA RADIOTERÁPICA;0.00
COMEF IAMPP;TACUAREMBÓ;TRAUMATOLOGÍA;0.00
COMEF IAMPP;TACUAREMBÓ;OTORRINOLARINGOLOGÍA;0.00
COMEF IAMPP;TACUAREMBÓ;PEDIATRÍA;0.00
COMEF IAMPP;TACUAREMBÓ;PSICOTERAPIA PSICOANALÍTICA;0.00
COMEF IAMPP;TACUAREMBÓ;PSIQUIATRÍA;0.00
COMEF IAMPP;TACUAREMBÓ;PSIQUIATRÍA PEDIÁTRICA;0.00
COMEF IAMPP;TACUAREMBÓ;REUMATOLOGÍA;0.00
COMEF IAMPP;TACUAREMBÓ;UROLOGÍA;0.00
COMEF IAMPP;TACUAREMBÓ;UROLOGÍA PEDIÁTRICA;0.00
COMEF IAMPP;TACUAREMBÓ;FISIOTERAPÍA;0.00
COMEF IAMPP;TACUAREMBÓ;FONOAUDIOLOGÍA;0.00
COMEF IAMPP;TACUAREMBÓ;NUTRICIÓN;0.00
COMEF IAMPP;TACUAREMBÓ;PSICOLOGÍA;0.00
COMEF IAMPP;TACUAREMBÓ;PSICOMOTRICIDAD;0.00
COMEF IAMPP;TACUAREMBÓ;PSICOPEDAGOGÍA;0.00
COMEF IAMPP;TACUAREMBÓ;TRABAJO SOCIAL;0.00
COMEF IAMPP;TACUAREMBÓ;OBSTETRA PARTERA;0.00
COMEF IAMPP;TREINTA Y TRES;MEDICINA GENERAL;0.00
COMEF IAMPP;TREINTA Y TRES;ODONTOLOGÍA;0.00
COMEF IAMPP;TREINTA Y TRES;ALERGOLOGÍA;0.00
COMEF IAMPP;TREINTA Y TRES;ANESTESIOLOGÍA;0.00
COMEF IAMPP;TREINTA Y TRES;CARDIOLOGÍA;0.00
COMEF IAMPP;TREINTA Y TRES;CARDIOLOGÍA PEDIÁTRICA;0.00
COMEF IAMPP;TREINTA Y TRES;CIRUGÍA GENERAL;0.00
COMEF IAMPP;TREINTA Y TRES;CIRUGÍA CARDÍACA;0.00
COMEF IAMPP;TREINTA Y TRES;CIRUGÍA DE TORAX;0.00
COMEF IAMPP;TREINTA Y TRES;CIRUGÍA PEDIÁTRICA;0.00
COMEF IAMPP;TREINTA Y TRES;CIRUGÍA PLÁSTICA;0.00
COMEF IAMPP;TREINTA Y TRES;CIRUGÍA VASCULAR PERIFÉRICA;0.00
COMEF IAMPP;TREINTA Y TRES;CIRUGÍA Y TRAUMATOLOGÍA BUCO-MAXILO-FACIAL;0.00
COMEF IAMPP;TREINTA Y TRES;CUIDADOS PALIATIVOS DEL ADULTO;0.00
COMEF IAMPP;TREINTA Y TRES;DERMATOLOGÍA;0.00
COMEF IAMPP;TREINTA Y TRES;DIABETOLOGÍA;0.00
COMEF IAMPP;TREINTA Y TRES;ENDOCRINOLOGÍA;0.00
COMEF IAMPP;TREINTA Y TRES;ENDOSCOPÍA DIGESTIVA;0.00
COMEF IAMPP;TREINTA Y TRES;ENFERMEDADES INFECCIOSAS;0.00
COMEF IAMPP;TREINTA Y TRES;FISIATRÍA;0.00
COMEF IAMPP;TREINTA Y TRES;GASTROENTEROLOGÍA;0.00
COMEF IAMPP;TREINTA Y TRES;GERIATRÍA;0.00
COMEF IAMPP;TREINTA Y TRES;GINECOTOCOLOGÍA;0.00
COMEF IAMPP;TREINTA Y TRES;HEMATOLOGÍA;0.00
COMEF IAMPP;TREINTA Y TRES;MEDICINA FAMILIAR Y COMUNITARIA;0.00
COMEF IAMPP;TREINTA Y TRES;MEDICINA INTENSIVA;0.00
COMEF IAMPP;TREINTA Y TRES;MEDICINA INTENSIVA PEDIÁTRICA;0.00
COMEF IAMPP;TREINTA Y TRES;MEDICINA INTERNA;0.00
COMEF IAMPP;TREINTA Y TRES;NEFROLOGÍA;0.00
COMEF IAMPP;TREINTA Y TRES;NEFROLOGÍA PEDIÁTRICA;0.00
COMEF IAMPP;TREINTA Y TRES;NEONATOLOGÍA;0.00
COMEF IAMPP;TREINTA Y TRES;NEUMOLOGÍA;0.00
COMEF IAMPP;TREINTA Y TRES;NEUMOLOGÍA PEDIÁTRICA;0.00
COMEF IAMPP;TREINTA Y TRES;NEUROCIRUGÍA;0.00
COMEF IAMPP;TREINTA Y TRES;NEUROLOGÍA;0.00
COMEF IAMPP;TREINTA Y TRES;NEUROPEDIATRÍA;0.00
COMEF IAMPP;TREINTA Y TRES;OFTALMOLOGÍA;0.00
COMEF IAMPP;TREINTA Y TRES;ONCOLOGÍA MÉDICA;0.00
COMEF IAMPP;TREINTA Y TRES;ONCOLOGÍA RADIOTERÁPICA;0.00
COMEF IAMPP;TREINTA Y TRES;TRAUMATOLOGÍA;0.00
COMEF IAMPP;TREINTA Y TRES;OTORRINOLARINGOLOGÍA;0.00
COMEF IAMPP;TREINTA Y TRES;PEDIATRÍA;0.00
COMEF IAMPP;TREINTA Y TRES;PSICOTERAPIA PSICOANALÍTICA;0.00
COMEF IAMPP;TREINTA Y TRES;PSIQUIATRÍA;0.00
COMEF IAMPP;TREINTA Y TRES;PSIQUIATRÍA PEDIÁTRICA;0.00
COMEF IAMPP;TREINTA Y TRES;REUMATOLOGÍA;0.00
COMEF IAMPP;TREINTA Y TRES;UROLOGÍA;0.00
COMEF IAMPP;TREINTA Y TRES;UROLOGÍA PEDIÁTRICA;0.00
COMEF IAMPP;TREINTA Y TRES;FISIOTERAPÍA;0.00
COMEF IAMPP;TREINTA Y TRES;FONOAUDIOLOGÍA;0.00
COMEF IAMPP;TREINTA Y TRES;NUTRICIÓN;0.00
COMEF IAMPP;TREINTA Y TRES;PSICOLOGÍA;0.00
COMEF IAMPP;TREINTA Y TRES;PSICOMOTRICIDAD;0.00
COMEF IAMPP;TREINTA Y TRES;PSICOPEDAGOGÍA;0.00
COMEF IAMPP;TREINTA Y TRES;TRABAJO SOCIAL;0.00
COMEF IAMPP;TREINTA Y TRES;OBSTETRA PARTERA;0.00
COMEFLO IAMPP;MONTEVIDEO;MEDICINA GENERAL;0.00
COMEFLO IAMPP;MONTEVIDEO;ODONTOLOGÍA;0.00
COMEFLO IAMPP;MONTEVIDEO;ALERGOLOGÍA;0.00
COMEFLO IAMPP;MONTEVIDEO;ANESTESIOLOGÍA;0.00
COMEFLO IAMPP;MONTEVIDEO;CARDIOLOGÍA;0.00
COMEFLO IAMPP;MONTEVIDEO;CARDIOLOGÍA PEDIÁTRICA;0.00
COMEFLO IAMPP;MONTEVIDEO;CIRUGÍA GENERAL;0.00
COMEFLO IAMPP;MONTEVIDEO;CIRUGÍA CARDÍACA;0.00
COMEFLO IAMPP;MONTEVIDEO;CIRUGÍA DE TORAX;0.00
COMEFLO IAMPP;MONTEVIDEO;CIRUGÍA PEDIÁTRICA;0.00
COMEFLO IAMPP;MONTEVIDEO;CIRUGÍA PLÁSTICA;0.00
COMEFLO IAMPP;MONTEVIDEO;CIRUGÍA VASCULAR PERIFÉRICA;0.00
COMEFLO IAMPP;MONTEVIDEO;CIRUGÍA Y TRAUMATOLOGÍA BUCO-MAXILO-FACIAL;0.00
COMEFLO IAMPP;MONTEVIDEO;CUIDADOS PALIATIVOS DEL ADULTO;0.00
COMEFLO IAMPP;MONTEVIDEO;DERMATOLOGÍA;0.00
COMEFLO IAMPP;MONTEVIDEO;DIABETOLOGÍA;0.00
COMEFLO IAMPP;MONTEVIDEO;ENDOCRINOLOGÍA;0.00
COMEFLO IAMPP;MONTEVIDEO;ENDOSCOPÍA DIGESTIVA;0.00
COMEFLO IAMPP;MONTEVIDEO;ENFERMEDADES INFECCIOSAS;0.00
COMEFLO IAMPP;MONTEVIDEO;FISIATRÍA;0.00
COMEFLO IAMPP;MONTEVIDEO;GASTROENTEROLOGÍA;0.00
COMEFLO IAMPP;MONTEVIDEO;GERIATRÍA;0.00
COMEFLO IAMPP;MONTEVIDEO;GINECOTOCOLOGÍA;0.00
COMEFLO IAMPP;MONTEVIDEO;HEMATOLOGÍA;0.00
COMEFLO IAMPP;MONTEVIDEO;MEDICINA FAMILIAR Y COMUNITARIA;0.00
COMEFLO IAMPP;MONTEVIDEO;MEDICINA INTENSIVA;0.00
COMEFLO IAMPP;MONTEVIDEO;MEDICINA INTENSIVA PEDIÁTRICA;0.00
COMEFLO IAMPP;MONTEVIDEO;MEDICINA INTERNA;0.00
COMEFLO IAMPP;MONTEVIDEO;NEFROLOGÍA;0.00
COMEFLO IAMPP;MONTEVIDEO;NEFROLOGÍA PEDIÁTRICA;0.00
COMEFLO IAMPP;MONTEVIDEO;NEONATOLOGÍA;0.00
COMEFLO IAMPP;MONTEVIDEO;NEUMOLOGÍA;0.00
COMEFLO IAMPP;MONTEVIDEO;NEUMOLOGÍA PEDIÁTRICA;0.00
COMEFLO IAMPP;MONTEVIDEO;NEUROCIRUGÍA;0.00
COMEFLO IAMPP;MONTEVIDEO;NEUROLOGÍA;0.00
COMEFLO IAMPP;MONTEVIDEO;NEUROPEDIATRÍA;0.00
COMEFLO IAMPP;MONTEVIDEO;OFTALMOLOGÍA;0.00
COMEFLO IAMPP;MONTEVIDEO;ONCOLOGÍA MÉDICA;0.00
COMEFLO IAMPP;MONTEVIDEO;ONCOLOGÍA RADIOTERÁPICA;0.00
COMEFLO IAMPP;MONTEVIDEO;TRAUMATOLOGÍA;0.00
COMEFLO IAMPP;MONTEVIDEO;OTORRINOLARINGOLOGÍA;0.00
COMEFLO IAMPP;MONTEVIDEO;PEDIATRÍA;0.00
COMEFLO IAMPP;MONTEVIDEO;PSICOTERAPIA PSICOANALÍTICA;0.00
COMEFLO IAMPP;MONTEVIDEO;PSIQUIATRÍA;0.00
COMEFLO IAMPP;MONTEVIDEO;PSIQUIATRÍA PEDIÁTRICA;0.00
COMEFLO IAMPP;MONTEVIDEO;REUMATOLOGÍA;0.00
COMEFLO IAMPP;MONTEVIDEO;UROLOGÍA;0.00
COMEFLO IAMPP;MONTEVIDEO;UROLOGÍA PEDIÁTRICA;0.00
COMEFLO IAMPP;MONTEVIDEO;FISIOTERAPÍA;0.00
COMEFLO IAMPP;MONTEVIDEO;FONOAUDIOLOGÍA;0.00
COMEFLO IAMPP;MONTEVIDEO;NUTRICIÓN;0.00
COMEFLO IAMPP;MONTEVIDEO;PSICOLOGÍA;0.00
COMEFLO IAMPP;MONTEVIDEO;PSICOMOTRICIDAD;0.00
COMEFLO IAMPP;MONTEVIDEO;PSICOPEDAGOGÍA;0.00
COMEFLO IAMPP;MONTEVIDEO;TRABAJO SOCIAL;0.00
COMEFLO IAMPP;MONTEVIDEO;OBSTETRA PARTERA;0.00
COMEFLO IAMPP;ARTIGAS;MEDICINA GENERAL;0.00
COMEFLO IAMPP;ARTIGAS;ODONTOLOGÍA;0.00
COMEFLO IAMPP;ARTIGAS;ALERGOLOGÍA;0.00
COMEFLO IAMPP;ARTIGAS;ANESTESIOLOGÍA;0.00
COMEFLO IAMPP;ARTIGAS;CARDIOLOGÍA;0.00
COMEFLO IAMPP;ARTIGAS;CARDIOLOGÍA PEDIÁTRICA;0.00
COMEFLO IAMPP;ARTIGAS;CIRUGÍA GENERAL;0.00
COMEFLO IAMPP;ARTIGAS;CIRUGÍA CARDÍACA;0.00
COMEFLO IAMPP;ARTIGAS;CIRUGÍA DE TORAX;0.00
COMEFLO IAMPP;ARTIGAS;CIRUGÍA PEDIÁTRICA;0.00
COMEFLO IAMPP;ARTIGAS;CIRUGÍA PLÁSTICA;0.00
COMEFLO IAMPP;ARTIGAS;CIRUGÍA VASCULAR PERIFÉRICA;0.00
COMEFLO IAMPP;ARTIGAS;CIRUGÍA Y TRAUMATOLOGÍA BUCO-MAXILO-FACIAL;0.00
COMEFLO IAMPP;ARTIGAS;CUIDADOS PALIATIVOS DEL ADULTO;0.00
COMEFLO IAMPP;ARTIGAS;DERMATOLOGÍA;0.00
COMEFLO IAMPP;ARTIGAS;DIABETOLOGÍA;0.00
COMEFLO IAMPP;ARTIGAS;ENDOCRINOLOGÍA;0.00
COMEFLO IAMPP;ARTIGAS;ENDOSCOPÍA DIGESTIVA;0.00
COMEFLO IAMPP;ARTIGAS;ENFERMEDADES INFECCIOSAS;0.00
COMEFLO IAMPP;ARTIGAS;FISIATRÍA;0.00
COMEFLO IAMPP;ARTIGAS;GASTROENTEROLOGÍA;0.00
COMEFLO IAMPP;ARTIGAS;GERIATRÍA;0.00
COMEFLO IAMPP;ARTIGAS;GINECOTOCOLOGÍA;0.00
COMEFLO IAMPP;ARTIGAS;HEMATOLOGÍA;0.00
COMEFLO IAMPP;ARTIGAS;MEDICINA FAMILIAR Y COMUNITARIA;0.00
COMEFLO IAMPP;ARTIGAS;MEDICINA INTENSIVA;0.00
COMEFLO IAMPP;ARTIGAS;MEDICINA INTENSIVA PEDIÁTRICA;0.00
COMEFLO IAMPP;ARTIGAS;MEDICINA INTERNA;0.00
COMEFLO IAMPP;ARTIGAS;NEFROLOGÍA;0.00
COMEFLO IAMPP;ARTIGAS;NEFROLOGÍA PEDIÁTRICA;0.00
COMEFLO IAMPP;ARTIGAS;NEONATOLOGÍA;0.00
COMEFLO IAMPP;ARTIGAS;NEUMOLOGÍA;0.00
COMEFLO IAMPP;ARTIGAS;NEUMOLOGÍA PEDIÁTRICA;0.00
COMEFLO IAMPP;ARTIGAS;NEUROCIRUGÍA;0.00
COMEFLO IAMPP;ARTIGAS;NEUROLOGÍA;0.00
COMEFLO IAMPP;ARTIGAS;NEUROPEDIATRÍA;0.00
COMEFLO IAMPP;ARTIGAS;OFTALMOLOGÍA;0.00
COMEFLO IAMPP;ARTIGAS;ONCOLOGÍA MÉDICA;0.00
COMEFLO IAMPP;ARTIGAS;ONCOLOGÍA RADIOTERÁPICA;0.00
COMEFLO IAMPP;ARTIGAS;TRAUMATOLOGÍA;0.00
COMEFLO IAMPP;ARTIGAS;OTORRINOLARINGOLOGÍA;0.00
COMEFLO IAMPP;ARTIGAS;PEDIATRÍA;0.00
COMEFLO IAMPP;ARTIGAS;PSICOTERAPIA PSICOANALÍTICA;0.00
COMEFLO IAMPP;ARTIGAS;PSIQUIATRÍA;0.00
COMEFLO IAMPP;ARTIGAS;PSIQUIATRÍA PEDIÁTRICA;0.00
COMEFLO IAMPP;ARTIGAS;REUMATOLOGÍA;0.00
COMEFLO IAMPP;ARTIGAS;UROLOGÍA;0.00
COMEFLO IAMPP;ARTIGAS;UROLOGÍA PEDIÁTRICA;0.00
COMEFLO IAMPP;ARTIGAS;FISIOTERAPÍA;0.00
COMEFLO IAMPP;ARTIGAS;FONOAUDIOLOGÍA;0.00
COMEFLO IAMPP;ARTIGAS;NUTRICIÓN;0.00
COMEFLO IAMPP;ARTIGAS;PSICOLOGÍA;0.00
COMEFLO IAMPP;ARTIGAS;PSICOMOTRICIDAD;0.00
COMEFLO IAMPP;ARTIGAS;PSICOPEDAGOGÍA;0.00
COMEFLO IAMPP;ARTIGAS;TRABAJO SOCIAL;0.00
COMEFLO IAMPP;ARTIGAS;OBSTETRA PARTERA;0.00
COMEFLO IAMPP;CANELONES;MEDICINA GENERAL;0.00
COMEFLO IAMPP;CANELONES;ODONTOLOGÍA;0.00
COMEFLO IAMPP;CANELONES;ALERGOLOGÍA;0.00
COMEFLO IAMPP;CANELONES;ANESTESIOLOGÍA;0.00
COMEFLO IAMPP;CANELONES;CARDIOLOGÍA;0.00
COMEFLO IAMPP;CANELONES;CARDIOLOGÍA PEDIÁTRICA;0.00
COMEFLO IAMPP;CANELONES;CIRUGÍA GENERAL;0.00
COMEFLO IAMPP;CANELONES;CIRUGÍA CARDÍACA;0.00
COMEFLO IAMPP;CANELONES;CIRUGÍA DE TORAX;0.00
COMEFLO IAMPP;CANELONES;CIRUGÍA PEDIÁTRICA;0.00
COMEFLO IAMPP;CANELONES;CIRUGÍA PLÁSTICA;0.00
COMEFLO IAMPP;CANELONES;CIRUGÍA VASCULAR PERIFÉRICA;0.00
COMEFLO IAMPP;CANELONES;CIRUGÍA Y TRAUMATOLOGÍA BUCO-MAXILO-FACIAL;0.00
COMEFLO IAMPP;CANELONES;CUIDADOS PALIATIVOS DEL ADULTO;0.00
COMEFLO IAMPP;CANELONES;DERMATOLOGÍA;0.00
COMEFLO IAMPP;CANELONES;DIABETOLOGÍA;0.00
COMEFLO IAMPP;CANELONES;ENDOCRINOLOGÍA;0.00
COMEFLO IAMPP;CANELONES;ENDOSCOPÍA DIGESTIVA;0.00
COMEFLO IAMPP;CANELONES;ENFERMEDADES INFECCIOSAS;0.00
COMEFLO IAMPP;CANELONES;FISIATRÍA;0.00
COMEFLO IAMPP;CANELONES;GASTROENTEROLOGÍA;0.00
COMEFLO IAMPP;CANELONES;GERIATRÍA;0.00
COMEFLO IAMPP;CANELONES;GINECOTOCOLOGÍA;0.00
COMEFLO IAMPP;CANELONES;HEMATOLOGÍA;0.00
COMEFLO IAMPP;CANELONES;MEDICINA FAMILIAR Y COMUNITARIA;0.00
COMEFLO IAMPP;CANELONES;MEDICINA INTENSIVA;0.00
COMEFLO IAMPP;CANELONES;MEDICINA INTENSIVA PEDIÁTRICA;0.00
COMEFLO IAMPP;CANELONES;MEDICINA INTERNA;0.00
COMEFLO IAMPP;CANELONES;NEFROLOGÍA;0.00
COMEFLO IAMPP;CANELONES;NEFROLOGÍA PEDIÁTRICA;0.00
COMEFLO IAMPP;CANELONES;NEONATOLOGÍA;0.00
COMEFLO IAMPP;CANELONES;NEUMOLOGÍA;0.00
COMEFLO IAMPP;CANELONES;NEUMOLOGÍA PEDIÁTRICA;0.00
COMEFLO IAMPP;CANELONES;NEUROCIRUGÍA;0.00
COMEFLO IAMPP;CANELONES;NEUROLOGÍA;0.00
COMEFLO IAMPP;CANELONES;NEUROPEDIATRÍA;0.00
COMEFLO IAMPP;CANELONES;OFTALMOLOGÍA;0.00
COMEFLO IAMPP;CANELONES;ONCOLOGÍA MÉDICA;0.00
COMEFLO IAMPP;CANELONES;ONCOLOGÍA RADIOTERÁPICA;0.00
COMEFLO IAMPP;CANELONES;TRAUMATOLOGÍA;0.00
COMEFLO IAMPP;CANELONES;OTORRINOLARINGOLOGÍA;0.00
COMEFLO IAMPP;CANELONES;PEDIATRÍA;0.00
COMEFLO IAMPP;CANELONES;PSICOTERAPIA PSICOANALÍTICA;0.00
COMEFLO IAMPP;CANELONES;PSIQUIATRÍA;0.00
COMEFLO IAMPP;CANELONES;PSIQUIATRÍA PEDIÁTRICA;0.00
COMEFLO IAMPP;CANELONES;REUMATOLOGÍA;0.00
COMEFLO IAMPP;CANELONES;UROLOGÍA;0.00
COMEFLO IAMPP;CANELONES;UROLOGÍA PEDIÁTRICA;0.00
COMEFLO IAMPP;CANELONES;FISIOTERAPÍA;0.00
COMEFLO IAMPP;CANELONES;FONOAUDIOLOGÍA;0.00
COMEFLO IAMPP;CANELONES;NUTRICIÓN;0.00
COMEFLO IAMPP;CANELONES;PSICOLOGÍA;0.00
COMEFLO IAMPP;CANELONES;PSICOMOTRICIDAD;0.00
COMEFLO IAMPP;CANELONES;PSICOPEDAGOGÍA;0.00
COMEFLO IAMPP;CANELONES;TRABAJO SOCIAL;0.00
COMEFLO IAMPP;CANELONES;OBSTETRA PARTERA;0.00
COMEFLO IAMPP;CERRO LARGO;MEDICINA GENERAL;0.00
COMEFLO IAMPP;CERRO LARGO;ODONTOLOGÍA;0.00
COMEFLO IAMPP;CERRO LARGO;ALERGOLOGÍA;0.00
COMEFLO IAMPP;CERRO LARGO;ANESTESIOLOGÍA;0.00
COMEFLO IAMPP;CERRO LARGO;CARDIOLOGÍA;0.00
COMEFLO IAMPP;CERRO LARGO;CARDIOLOGÍA PEDIÁTRICA;0.00
COMEFLO IAMPP;CERRO LARGO;CIRUGÍA GENERAL;0.00
COMEFLO IAMPP;CERRO LARGO;CIRUGÍA CARDÍACA;0.00
COMEFLO IAMPP;CERRO LARGO;CIRUGÍA DE TORAX;0.00
COMEFLO IAMPP;CERRO LARGO;CIRUGÍA PEDIÁTRICA;0.00
COMEFLO IAMPP;CERRO LARGO;CIRUGÍA PLÁSTICA;0.00
COMEFLO IAMPP;CERRO LARGO;CIRUGÍA VASCULAR PERIFÉRICA;0.00
COMEFLO IAMPP;CERRO LARGO;CIRUGÍA Y TRAUMATOLOGÍA BUCO-MAXILO-FACIAL;0.00
COMEFLO IAMPP;CERRO LARGO;CUIDADOS PALIATIVOS DEL ADULTO;0.00
COMEFLO IAMPP;CERRO LARGO;DERMATOLOGÍA;0.00
COMEFLO IAMPP;CERRO LARGO;DIABETOLOGÍA;0.00
COMEFLO IAMPP;CERRO LARGO;ENDOCRINOLOGÍA;0.00
COMEFLO IAMPP;CERRO LARGO;ENDOSCOPÍA DIGESTIVA;0.00
COMEFLO IAMPP;CERRO LARGO;ENFERMEDADES INFECCIOSAS;0.00
COMEFLO IAMPP;CERRO LARGO;FISIATRÍA;0.00
COMEFLO IAMPP;CERRO LARGO;GASTROENTEROLOGÍA;0.00
COMEFLO IAMPP;CERRO LARGO;GERIATRÍA;0.00
COMEFLO IAMPP;CERRO LARGO;GINECOTOCOLOGÍA;0.00
COMEFLO IAMPP;CERRO LARGO;HEMATOLOGÍA;0.00
COMEFLO IAMPP;CERRO LARGO;MEDICINA FAMILIAR Y COMUNITARIA;0.00
COMEFLO IAMPP;CERRO LARGO;MEDICINA INTENSIVA;0.00
COMEFLO IAMPP;CERRO LARGO;MEDICINA INTENSIVA PEDIÁTRICA;0.00
COMEFLO IAMPP;CERRO LARGO;MEDICINA INTERNA;0.00
COMEFLO IAMPP;CERRO LARGO;NEFROLOGÍA;0.00
COMEFLO IAMPP;CERRO LARGO;NEFROLOGÍA PEDIÁTRICA;0.00
COMEFLO IAMPP;CERRO LARGO;NEONATOLOGÍA;0.00
COMEFLO IAMPP;CERRO LARGO;NEUMOLOGÍA;0.00
COMEFLO IAMPP;CERRO LARGO;NEUMOLOGÍA PEDIÁTRICA;0.00
COMEFLO IAMPP;CERRO LARGO;NEUROCIRUGÍA;0.00
COMEFLO IAMPP;CERRO LARGO;NEUROLOGÍA;0.00
COMEFLO IAMPP;CERRO LARGO;NEUROPEDIATRÍA;0.00
COMEFLO IAMPP;CERRO LARGO;OFTALMOLOGÍA;0.00
COMEFLO IAMPP;CERRO LARGO;ONCOLOGÍA MÉDICA;0.00
COMEFLO IAMPP;CERRO LARGO;ONCOLOGÍA RADIOTERÁPICA;0.00
COMEFLO IAMPP;CERRO LARGO;TRAUMATOLOGÍA;0.00
COMEFLO IAMPP;CERRO LARGO;OTORRINOLARINGOLOGÍA;0.00
COMEFLO IAMPP;CERRO LARGO;PEDIATRÍA;0.00
COMEFLO IAMPP;CERRO LARGO;PSICOTERAPIA PSICOANALÍTICA;0.00
COMEFLO IAMPP;CERRO LARGO;PSIQUIATRÍA;0.00
COMEFLO IAMPP;CERRO LARGO;PSIQUIATRÍA PEDIÁTRICA;0.00
COMEFLO IAMPP;CERRO LARGO;REUMATOLOGÍA;0.00
COMEFLO IAMPP;CERRO LARGO;UROLOGÍA;0.00
COMEFLO IAMPP;CERRO LARGO;UROLOGÍA PEDIÁTRICA;0.00
COMEFLO IAMPP;CERRO LARGO;FISIOTERAPÍA;0.00
COMEFLO IAMPP;CERRO LARGO;FONOAUDIOLOGÍA;0.00
COMEFLO IAMPP;CERRO LARGO;NUTRICIÓN;0.00
COMEFLO IAMPP;CERRO LARGO;PSICOLOGÍA;0.00
COMEFLO IAMPP;CERRO LARGO;PSICOMOTRICIDAD;0.00
COMEFLO IAMPP;CERRO LARGO;PSICOPEDAGOGÍA;0.00
COMEFLO IAMPP;CERRO LARGO;TRABAJO SOCIAL;0.00
COMEFLO IAMPP;CERRO LARGO;OBSTETRA PARTERA;0.00
COMEFLO IAMPP;COLONIA;MEDICINA GENERAL;0.00
COMEFLO IAMPP;COLONIA;ODONTOLOGÍA;0.00
COMEFLO IAMPP;COLONIA;ALERGOLOGÍA;0.00
COMEFLO IAMPP;COLONIA;ANESTESIOLOGÍA;0.00
COMEFLO IAMPP;COLONIA;CARDIOLOGÍA;0.00
COMEFLO IAMPP;COLONIA;CARDIOLOGÍA PEDIÁTRICA;0.00
COMEFLO IAMPP;COLONIA;CIRUGÍA GENERAL;0.00
COMEFLO IAMPP;COLONIA;CIRUGÍA CARDÍACA;0.00
COMEFLO IAMPP;COLONIA;CIRUGÍA DE TORAX;0.00
COMEFLO IAMPP;COLONIA;CIRUGÍA PEDIÁTRICA;0.00
COMEFLO IAMPP;COLONIA;CIRUGÍA PLÁSTICA;0.00
COMEFLO IAMPP;COLONIA;CIRUGÍA VASCULAR PERIFÉRICA;0.00
COMEFLO IAMPP;COLONIA;CIRUGÍA Y TRAUMATOLOGÍA BUCO-MAXILO-FACIAL;0.00
COMEFLO IAMPP;COLONIA;CUIDADOS PALIATIVOS DEL ADULTO;0.00
COMEFLO IAMPP;COLONIA;DERMATOLOGÍA;0.00
COMEFLO IAMPP;COLONIA;DIABETOLOGÍA;0.00
COMEFLO IAMPP;COLONIA;ENDOCRINOLOGÍA;0.00
COMEFLO IAMPP;COLONIA;ENDOSCOPÍA DIGESTIVA;0.00
COMEFLO IAMPP;COLONIA;ENFERMEDADES INFECCIOSAS;0.00
COMEFLO IAMPP;COLONIA;FISIATRÍA;0.00
COMEFLO IAMPP;COLONIA;GASTROENTEROLOGÍA;0.00
COMEFLO IAMPP;COLONIA;GERIATRÍA;0.00
COMEFLO IAMPP;COLONIA;GINECOTOCOLOGÍA;0.00
COMEFLO IAMPP;COLONIA;HEMATOLOGÍA;0.00
COMEFLO IAMPP;COLONIA;MEDICINA FAMILIAR Y COMUNITARIA;0.00
COMEFLO IAMPP;COLONIA;MEDICINA INTENSIVA;0.00
COMEFLO IAMPP;COLONIA;MEDICINA INTENSIVA PEDIÁTRICA;0.00
COMEFLO IAMPP;COLONIA;MEDICINA INTERNA;0.00
COMEFLO IAMPP;COLONIA;NEFROLOGÍA;0.00
COMEFLO IAMPP;COLONIA;NEFROLOGÍA PEDIÁTRICA;0.00
COMEFLO IAMPP;COLONIA;NEONATOLOGÍA;0.00
COMEFLO IAMPP;COLONIA;NEUMOLOGÍA;0.00
COMEFLO IAMPP;COLONIA;NEUMOLOGÍA PEDIÁTRICA;0.00
COMEFLO IAMPP;COLONIA;NEUROCIRUGÍA;0.00
COMEFLO IAMPP;COLONIA;NEUROLOGÍA;0.00
COMEFLO IAMPP;COLONIA;NEUROPEDIATRÍA;0.00
COMEFLO IAMPP;COLONIA;OFTALMOLOGÍA;0.00
COMEFLO IAMPP;COLONIA;ONCOLOGÍA MÉDICA;0.00
COMEFLO IAMPP;COLONIA;ONCOLOGÍA RADIOTERÁPICA;0.00
COMEFLO IAMPP;COLONIA;TRAUMATOLOGÍA;0.00
COMEFLO IAMPP;COLONIA;OTORRINOLARINGOLOGÍA;0.00
COMEFLO IAMPP;COLONIA;PEDIATRÍA;0.00
COMEFLO IAMPP;COLONIA;PSICOTERAPIA PSICOANALÍTICA;0.00
COMEFLO IAMPP;COLONIA;PSIQUIATRÍA;0.00
COMEFLO IAMPP;COLONIA;PSIQUIATRÍA PEDIÁTRICA;0.00
COMEFLO IAMPP;COLONIA;REUMATOLOGÍA;0.00
COMEFLO IAMPP;COLONIA;UROLOGÍA;0.00
COMEFLO IAMPP;COLONIA;UROLOGÍA PEDIÁTRICA;0.00
COMEFLO IAMPP;COLONIA;FISIOTERAPÍA;0.00
COMEFLO IAMPP;COLONIA;FONOAUDIOLOGÍA;0.00
COMEFLO IAMPP;COLONIA;NUTRICIÓN;0.00
COMEFLO IAMPP;COLONIA;PSICOLOGÍA;0.00
COMEFLO IAMPP;COLONIA;PSICOMOTRICIDAD;0.00
COMEFLO IAMPP;COLONIA;PSICOPEDAGOGÍA;0.00
COMEFLO IAMPP;COLONIA;TRABAJO SOCIAL;0.00
COMEFLO IAMPP;COLONIA;OBSTETRA PARTERA;0.00
COMEFLO IAMPP;DURAZNO;MEDICINA GENERAL;0.00
COMEFLO IAMPP;DURAZNO;ODONTOLOGÍA;0.00
COMEFLO IAMPP;DURAZNO;ALERGOLOGÍA;0.00
COMEFLO IAMPP;DURAZNO;ANESTESIOLOGÍA;0.00
COMEFLO IAMPP;DURAZNO;CARDIOLOGÍA;0.00
COMEFLO IAMPP;DURAZNO;CARDIOLOGÍA PEDIÁTRICA;0.00
COMEFLO IAMPP;DURAZNO;CIRUGÍA GENERAL;0.00
COMEFLO IAMPP;DURAZNO;CIRUGÍA CARDÍACA;0.00
COMEFLO IAMPP;DURAZNO;CIRUGÍA DE TORAX;0.00
COMEFLO IAMPP;DURAZNO;CIRUGÍA PEDIÁTRICA;0.00
COMEFLO IAMPP;DURAZNO;CIRUGÍA PLÁSTICA;0.00
COMEFLO IAMPP;DURAZNO;CIRUGÍA VASCULAR PERIFÉRICA;0.00
COMEFLO IAMPP;DURAZNO;CIRUGÍA Y TRAUMATOLOGÍA BUCO-MAXILO-FACIAL;0.00
COMEFLO IAMPP;DURAZNO;CUIDADOS PALIATIVOS DEL ADULTO;0.00
COMEFLO IAMPP;DURAZNO;DERMATOLOGÍA;0.00
COMEFLO IAMPP;DURAZNO;DIABETOLOGÍA;0.00
COMEFLO IAMPP;DURAZNO;ENDOCRINOLOGÍA;0.00
COMEFLO IAMPP;DURAZNO;ENDOSCOPÍA DIGESTIVA;0.00
COMEFLO IAMPP;DURAZNO;ENFERMEDADES INFECCIOSAS;0.00
COMEFLO IAMPP;DURAZNO;FISIATRÍA;0.00
COMEFLO IAMPP;DURAZNO;GASTROENTEROLOGÍA;0.00
COMEFLO IAMPP;DURAZNO;GERIATRÍA;0.00
COMEFLO IAMPP;DURAZNO;GINECOTOCOLOGÍA;0.00
COMEFLO IAMPP;DURAZNO;HEMATOLOGÍA;0.00
COMEFLO IAMPP;DURAZNO;MEDICINA FAMILIAR Y COMUNITARIA;0.00
COMEFLO IAMPP;DURAZNO;MEDICINA INTENSIVA;0.00
COMEFLO IAMPP;DURAZNO;MEDICINA INTENSIVA PEDIÁTRICA;0.00
COMEFLO IAMPP;DURAZNO;MEDICINA INTERNA;0.00
COMEFLO IAMPP;DURAZNO;NEFROLOGÍA;0.00
COMEFLO IAMPP;DURAZNO;NEFROLOGÍA PEDIÁTRICA;0.00
COMEFLO IAMPP;DURAZNO;NEONATOLOGÍA;0.00
COMEFLO IAMPP;DURAZNO;NEUMOLOGÍA;0.00
COMEFLO IAMPP;DURAZNO;NEUMOLOGÍA PEDIÁTRICA;0.00
COMEFLO IAMPP;DURAZNO;NEUROCIRUGÍA;0.00
COMEFLO IAMPP;DURAZNO;NEUROLOGÍA;0.00
COMEFLO IAMPP;DURAZNO;NEUROPEDIATRÍA;0.00
COMEFLO IAMPP;DURAZNO;OFTALMOLOGÍA;0.00
COMEFLO IAMPP;DURAZNO;ONCOLOGÍA MÉDICA;0.00
COMEFLO IAMPP;DURAZNO;ONCOLOGÍA RADIOTERÁPICA;0.00
COMEFLO IAMPP;DURAZNO;TRAUMATOLOGÍA;0.00
COMEFLO IAMPP;DURAZNO;OTORRINOLARINGOLOGÍA;0.00
COMEFLO IAMPP;DURAZNO;PEDIATRÍA;0.00
COMEFLO IAMPP;DURAZNO;PSICOTERAPIA PSICOANALÍTICA;0.00
COMEFLO IAMPP;DURAZNO;PSIQUIATRÍA;0.00
COMEFLO IAMPP;DURAZNO;PSIQUIATRÍA PEDIÁTRICA;0.00
COMEFLO IAMPP;DURAZNO;REUMATOLOGÍA;0.00
COMEFLO IAMPP;DURAZNO;UROLOGÍA;0.00
COMEFLO IAMPP;DURAZNO;UROLOGÍA PEDIÁTRICA;0.00
COMEFLO IAMPP;DURAZNO;FISIOTERAPÍA;0.00
COMEFLO IAMPP;DURAZNO;FONOAUDIOLOGÍA;0.00
COMEFLO IAMPP;DURAZNO;NUTRICIÓN;0.00
COMEFLO IAMPP;DURAZNO;PSICOLOGÍA;0.00
COMEFLO IAMPP;DURAZNO;PSICOMOTRICIDAD;0.00
COMEFLO IAMPP;DURAZNO;PSICOPEDAGOGÍA;0.00
COMEFLO IAMPP;DURAZNO;TRABAJO SOCIAL;0.00
COMEFLO IAMPP;DURAZNO;OBSTETRA PARTERA;0.00
COMEFLO IAMPP;FLORES;MEDICINA GENERAL;8.73
COMEFLO IAMPP;FLORES;ODONTOLOGÍA;0.00
COMEFLO IAMPP;FLORES;ALERGOLOGÍA;0.03
COMEFLO IAMPP;FLORES;ANESTESIOLOGÍA;0.96
COMEFLO IAMPP;FLORES;CARDIOLOGÍA;1.37
COMEFLO IAMPP;FLORES;CARDIOLOGÍA PEDIÁTRICA;0.00
COMEFLO IAMPP;FLORES;CIRUGÍA GENERAL;1.94
COMEFLO IAMPP;FLORES;CIRUGÍA CARDÍACA;0.00
COMEFLO IAMPP;FLORES;CIRUGÍA DE TORAX;0.00
COMEFLO IAMPP;FLORES;CIRUGÍA PEDIÁTRICA;0.00
COMEFLO IAMPP;FLORES;CIRUGÍA PLÁSTICA;0.19
COMEFLO IAMPP;FLORES;CIRUGÍA VASCULAR PERIFÉRICA;0.00
COMEFLO IAMPP;FLORES;CIRUGÍA Y TRAUMATOLOGÍA BUCO-MAXILO-FACIAL;0.00
COMEFLO IAMPP;FLORES;CUIDADOS PALIATIVOS DEL ADULTO;0.00
COMEFLO IAMPP;FLORES;DERMATOLOGÍA;0.04
COMEFLO IAMPP;FLORES;DIABETOLOGÍA;0.52
COMEFLO IAMPP;FLORES;ENDOCRINOLOGÍA;0.20
COMEFLO IAMPP;FLORES;ENDOSCOPÍA DIGESTIVA;0.00
COMEFLO IAMPP;FLORES;ENFERMEDADES INFECCIOSAS;0.00
COMEFLO IAMPP;FLORES;FISIATRÍA;0.14
COMEFLO IAMPP;FLORES;GASTROENTEROLOGÍA;0.11
COMEFLO IAMPP;FLORES;GERIATRÍA;4.75
COMEFLO IAMPP;FLORES;GINECOTOCOLOGÍA;5.23
COMEFLO IAMPP;FLORES;HEMATOLOGÍA;0.03
COMEFLO IAMPP;FLORES;MEDICINA FAMILIAR Y COMUNITARIA;0.00
COMEFLO IAMPP;FLORES;MEDICINA INTENSIVA;0.00
COMEFLO IAMPP;FLORES;MEDICINA INTENSIVA PEDIÁTRICA;0.00
COMEFLO IAMPP;FLORES;MEDICINA INTERNA;1.79
COMEFLO IAMPP;FLORES;NEFROLOGÍA;1.27
COMEFLO IAMPP;FLORES;NEFROLOGÍA PEDIÁTRICA;0.00
COMEFLO IAMPP;FLORES;NEONATOLOGÍA;0.00
COMEFLO IAMPP;FLORES;NEUMOLOGÍA;0.00
COMEFLO IAMPP;FLORES;NEUMOLOGÍA PEDIÁTRICA;0.00
COMEFLO IAMPP;FLORES;NEUROCIRUGÍA;0.00
COMEFLO IAMPP;FLORES;NEUROLOGÍA;0.06
COMEFLO IAMPP;FLORES;NEUROPEDIATRÍA;0.19
COMEFLO IAMPP;FLORES;OFTALMOLOGÍA;0.54
COMEFLO IAMPP;FLORES;ONCOLOGÍA MÉDICA;0.13
COMEFLO IAMPP;FLORES;ONCOLOGÍA RADIOTERÁPICA;0.00
COMEFLO IAMPP;FLORES;TRAUMATOLOGÍA;1.31
COMEFLO IAMPP;FLORES;OTORRINOLARINGOLOGÍA;0.21
COMEFLO IAMPP;FLORES;PEDIATRÍA;9.78
COMEFLO IAMPP;FLORES;PSICOTERAPIA PSICOANALÍTICA;0.00
COMEFLO IAMPP;FLORES;PSIQUIATRÍA;0.91
COMEFLO IAMPP;FLORES;PSIQUIATRÍA PEDIÁTRICA;0.53
COMEFLO IAMPP;FLORES;REUMATOLOGÍA;0.01
COMEFLO IAMPP;FLORES;UROLOGÍA;0.30
COMEFLO IAMPP;FLORES;UROLOGÍA PEDIÁTRICA;0.00
COMEFLO IAMPP;FLORES;FISIOTERAPÍA;1.50
COMEFLO IAMPP;FLORES;FONOAUDIOLOGÍA;0.00
COMEFLO IAMPP;FLORES;NUTRICIÓN;0.96
COMEFLO IAMPP;FLORES;PSICOLOGÍA;0.50
COMEFLO IAMPP;FLORES;PSICOMOTRICIDAD;0.00
COMEFLO IAMPP;FLORES;PSICOPEDAGOGÍA;0.00
COMEFLO IAMPP;FLORES;TRABAJO SOCIAL;0.03
COMEFLO IAMPP;FLORES;OBSTETRA PARTERA;2.53
COMEFLO IAMPP;FLORIDA;MEDICINA GENERAL;0.00
COMEFLO IAMPP;FLORIDA;ODONTOLOGÍA;0.00
COMEFLO IAMPP;FLORIDA;ALERGOLOGÍA;0.00
COMEFLO IAMPP;FLORIDA;ANESTESIOLOGÍA;0.00
COMEFLO IAMPP;FLORIDA;CARDIOLOGÍA;0.00
COMEFLO IAMPP;FLORIDA;CARDIOLOGÍA PEDIÁTRICA;0.00
COMEFLO IAMPP;FLORIDA;CIRUGÍA GENERAL;0.00
COMEFLO IAMPP;FLORIDA;CIRUGÍA CARDÍACA;0.00
COMEFLO IAMPP;FLORIDA;CIRUGÍA DE TORAX;0.00
COMEFLO IAMPP;FLORIDA;CIRUGÍA PEDIÁTRICA;0.00
COMEFLO IAMPP;FLORIDA;CIRUGÍA PLÁSTICA;0.00
COMEFLO IAMPP;FLORIDA;CIRUGÍA VASCULAR PERIFÉRICA;0.00
COMEFLO IAMPP;FLORIDA;CIRUGÍA Y TRAUMATOLOGÍA BUCO-MAXILO-FACIAL;0.00
COMEFLO IAMPP;FLORIDA;CUIDADOS PALIATIVOS DEL ADULTO;0.00
COMEFLO IAMPP;FLORIDA;DERMATOLOGÍA;0.00
COMEFLO IAMPP;FLORIDA;DIABETOLOGÍA;0.00
COMEFLO IAMPP;FLORIDA;ENDOCRINOLOGÍA;0.00
COMEFLO IAMPP;FLORIDA;ENDOSCOPÍA DIGESTIVA;0.00
COMEFLO IAMPP;FLORIDA;ENFERMEDADES INFECCIOSAS;0.00
COMEFLO IAMPP;FLORIDA;FISIATRÍA;0.00
COMEFLO IAMPP;FLORIDA;GASTROENTEROLOGÍA;0.00
COMEFLO IAMPP;FLORIDA;GERIATRÍA;0.00
COMEFLO IAMPP;FLORIDA;GINECOTOCOLOGÍA;0.00
COMEFLO IAMPP;FLORIDA;HEMATOLOGÍA;0.00
COMEFLO IAMPP;FLORIDA;MEDICINA FAMILIAR Y COMUNITARIA;0.00
COMEFLO IAMPP;FLORIDA;MEDICINA INTENSIVA;0.00
COMEFLO IAMPP;FLORIDA;MEDICINA INTENSIVA PEDIÁTRICA;0.00
COMEFLO IAMPP;FLORIDA;MEDICINA INTERNA;0.00
COMEFLO IAMPP;FLORIDA;NEFROLOGÍA;0.00
COMEFLO IAMPP;FLORIDA;NEFROLOGÍA PEDIÁTRICA;0.00
COMEFLO IAMPP;FLORIDA;NEONATOLOGÍA;0.00
COMEFLO IAMPP;FLORIDA;NEUMOLOGÍA;0.00
COMEFLO IAMPP;FLORIDA;NEUMOLOGÍA PEDIÁTRICA;0.00
COMEFLO IAMPP;FLORIDA;NEUROCIRUGÍA;0.00
COMEFLO IAMPP;FLORIDA;NEUROLOGÍA;0.00
COMEFLO IAMPP;FLORIDA;NEUROPEDIATRÍA;0.00
COMEFLO IAMPP;FLORIDA;OFTALMOLOGÍA;0.00
COMEFLO IAMPP;FLORIDA;ONCOLOGÍA MÉDICA;0.00
COMEFLO IAMPP;FLORIDA;ONCOLOGÍA RADIOTERÁPICA;0.00
COMEFLO IAMPP;FLORIDA;TRAUMATOLOGÍA;0.00
COMEFLO IAMPP;FLORIDA;OTORRINOLARINGOLOGÍA;0.00
COMEFLO IAMPP;FLORIDA;PEDIATRÍA;0.00
COMEFLO IAMPP;FLORIDA;PSICOTERAPIA PSICOANALÍTICA;0.00
COMEFLO IAMPP;FLORIDA;PSIQUIATRÍA;0.00
COMEFLO IAMPP;FLORIDA;PSIQUIATRÍA PEDIÁTRICA;0.00
COMEFLO IAMPP;FLORIDA;REUMATOLOGÍA;0.00
COMEFLO IAMPP;FLORIDA;UROLOGÍA;0.00
COMEFLO IAMPP;FLORIDA;UROLOGÍA PEDIÁTRICA;0.00
COMEFLO IAMPP;FLORIDA;FISIOTERAPÍA;0.00
COMEFLO IAMPP;FLORIDA;FONOAUDIOLOGÍA;0.00
COMEFLO IAMPP;FLORIDA;NUTRICIÓN;0.00
COMEFLO IAMPP;FLORIDA;PSICOLOGÍA;0.00
COMEFLO IAMPP;FLORIDA;PSICOMOTRICIDAD;0.00
COMEFLO IAMPP;FLORIDA;PSICOPEDAGOGÍA;0.00
COMEFLO IAMPP;FLORIDA;TRABAJO SOCIAL;0.00
COMEFLO IAMPP;FLORIDA;OBSTETRA PARTERA;0.00
COMEFLO IAMPP;LAVALLEJA;MEDICINA GENERAL;0.00
COMEFLO IAMPP;LAVALLEJA;ODONTOLOGÍA;0.00
COMEFLO IAMPP;LAVALLEJA;ALERGOLOGÍA;0.00
COMEFLO IAMPP;LAVALLEJA;ANESTESIOLOGÍA;0.00
COMEFLO IAMPP;LAVALLEJA;CARDIOLOGÍA;0.00
COMEFLO IAMPP;LAVALLEJA;CARDIOLOGÍA PEDIÁTRICA;0.00
COMEFLO IAMPP;LAVALLEJA;CIRUGÍA GENERAL;0.00
COMEFLO IAMPP;LAVALLEJA;CIRUGÍA CARDÍACA;0.00
COMEFLO IAMPP;LAVALLEJA;CIRUGÍA DE TORAX;0.00
COMEFLO IAMPP;LAVALLEJA;CIRUGÍA PEDIÁTRICA;0.00
COMEFLO IAMPP;LAVALLEJA;CIRUGÍA PLÁSTICA;0.00
COMEFLO IAMPP;LAVALLEJA;CIRUGÍA VASCULAR PERIFÉRICA;0.00
COMEFLO IAMPP;LAVALLEJA;CIRUGÍA Y TRAUMATOLOGÍA BUCO-MAXILO-FACIAL;0.00
COMEFLO IAMPP;LAVALLEJA;CUIDADOS PALIATIVOS DEL ADULTO;0.00
COMEFLO IAMPP;LAVALLEJA;DERMATOLOGÍA;0.00
COMEFLO IAMPP;LAVALLEJA;DIABETOLOGÍA;0.00
COMEFLO IAMPP;LAVALLEJA;ENDOCRINOLOGÍA;0.00
COMEFLO IAMPP;LAVALLEJA;ENDOSCOPÍA DIGESTIVA;0.00
COMEFLO IAMPP;LAVALLEJA;ENFERMEDADES INFECCIOSAS;0.00
COMEFLO IAMPP;LAVALLEJA;FISIATRÍA;0.00
COMEFLO IAMPP;LAVALLEJA;GASTROENTEROLOGÍA;0.00
COMEFLO IAMPP;LAVALLEJA;GERIATRÍA;0.00
COMEFLO IAMPP;LAVALLEJA;GINECOTOCOLOGÍA;0.00
COMEFLO IAMPP;LAVALLEJA;HEMATOLOGÍA;0.00
COMEFLO IAMPP;LAVALLEJA;MEDICINA FAMILIAR Y COMUNITARIA;0.00
COMEFLO IAMPP;LAVALLEJA;MEDICINA INTENSIVA;0.00
COMEFLO IAMPP;LAVALLEJA;MEDICINA INTENSIVA PEDIÁTRICA;0.00
COMEFLO IAMPP;LAVALLEJA;MEDICINA INTERNA;0.00
COMEFLO IAMPP;LAVALLEJA;NEFROLOGÍA;0.00
COMEFLO IAMPP;LAVALLEJA;NEFROLOGÍA PEDIÁTRICA;0.00
COMEFLO IAMPP;LAVALLEJA;NEONATOLOGÍA;0.00
COMEFLO IAMPP;LAVALLEJA;NEUMOLOGÍA;0.00
COMEFLO IAMPP;LAVALLEJA;NEUMOLOGÍA PEDIÁTRICA;0.00
COMEFLO IAMPP;LAVALLEJA;NEUROCIRUGÍA;0.00
COMEFLO IAMPP;LAVALLEJA;NEUROLOGÍA;0.00
COMEFLO IAMPP;LAVALLEJA;NEUROPEDIATRÍA;0.00
COMEFLO IAMPP;LAVALLEJA;OFTALMOLOGÍA;0.00
COMEFLO IAMPP;LAVALLEJA;ONCOLOGÍA MÉDICA;0.00
COMEFLO IAMPP;LAVALLEJA;ONCOLOGÍA RADIOTERÁPICA;0.00
COMEFLO IAMPP;LAVALLEJA;TRAUMATOLOGÍA;0.00
COMEFLO IAMPP;LAVALLEJA;OTORRINOLARINGOLOGÍA;0.00
COMEFLO IAMPP;LAVALLEJA;PEDIATRÍA;0.00
COMEFLO IAMPP;LAVALLEJA;PSICOTERAPIA PSICOANALÍTICA;0.00
COMEFLO IAMPP;LAVALLEJA;PSIQUIATRÍA;0.00
COMEFLO IAMPP;LAVALLEJA;PSIQUIATRÍA PEDIÁTRICA;0.00
COMEFLO IAMPP;LAVALLEJA;REUMATOLOGÍA;0.00
COMEFLO IAMPP;LAVALLEJA;UROLOGÍA;0.00
COMEFLO IAMPP;LAVALLEJA;UROLOGÍA PEDIÁTRICA;0.00
COMEFLO IAMPP;LAVALLEJA;FISIOTERAPÍA;0.00
COMEFLO IAMPP;LAVALLEJA;FONOAUDIOLOGÍA;0.00
COMEFLO IAMPP;LAVALLEJA;NUTRICIÓN;0.00
COMEFLO IAMPP;LAVALLEJA;PSICOLOGÍA;0.00
COMEFLO IAMPP;LAVALLEJA;PSICOMOTRICIDAD;0.00
COMEFLO IAMPP;LAVALLEJA;PSICOPEDAGOGÍA;0.00
COMEFLO IAMPP;LAVALLEJA;TRABAJO SOCIAL;0.00
COMEFLO IAMPP;LAVALLEJA;OBSTETRA PARTERA;0.00
COMEFLO IAMPP;MALDONADO;MEDICINA GENERAL;0.00
COMEFLO IAMPP;MALDONADO;ODONTOLOGÍA;0.00
COMEFLO IAMPP;MALDONADO;ALERGOLOGÍA;0.00
COMEFLO IAMPP;MALDONADO;ANESTESIOLOGÍA;0.00
COMEFLO IAMPP;MALDONADO;CARDIOLOGÍA;0.00
COMEFLO IAMPP;MALDONADO;CARDIOLOGÍA PEDIÁTRICA;0.00
COMEFLO IAMPP;MALDONADO;CIRUGÍA GENERAL;0.00
COMEFLO IAMPP;MALDONADO;CIRUGÍA CARDÍACA;0.00
COMEFLO IAMPP;MALDONADO;CIRUGÍA DE TORAX;0.00
COMEFLO IAMPP;MALDONADO;CIRUGÍA PEDIÁTRICA;0.00
COMEFLO IAMPP;MALDONADO;CIRUGÍA PLÁSTICA;0.00
COMEFLO IAMPP;MALDONADO;CIRUGÍA VASCULAR PERIFÉRICA;0.00
COMEFLO IAMPP;MALDONADO;CIRUGÍA Y TRAUMATOLOGÍA BUCO-MAXILO-FACIAL;0.00
COMEFLO IAMPP;MALDONADO;CUIDADOS PALIATIVOS DEL ADULTO;0.00
COMEFLO IAMPP;MALDONADO;DERMATOLOGÍA;0.00
COMEFLO IAMPP;MALDONADO;DIABETOLOGÍA;0.00
COMEFLO IAMPP;MALDONADO;ENDOCRINOLOGÍA;0.00
COMEFLO IAMPP;MALDONADO;ENDOSCOPÍA DIGESTIVA;0.00
COMEFLO IAMPP;MALDONADO;ENFERMEDADES INFECCIOSAS;0.00
COMEFLO IAMPP;MALDONADO;FISIATRÍA;0.00
COMEFLO IAMPP;MALDONADO;GASTROENTEROLOGÍA;0.00
COMEFLO IAMPP;MALDONADO;GERIATRÍA;0.00
COMEFLO IAMPP;MALDONADO;GINECOTOCOLOGÍA;0.00
COMEFLO IAMPP;MALDONADO;HEMATOLOGÍA;0.00
COMEFLO IAMPP;MALDONADO;MEDICINA FAMILIAR Y COMUNITARIA;0.00
COMEFLO IAMPP;MALDONADO;MEDICINA INTENSIVA;0.00
COMEFLO IAMPP;MALDONADO;MEDICINA INTENSIVA PEDIÁTRICA;0.00
COMEFLO IAMPP;MALDONADO;MEDICINA INTERNA;0.00
COMEFLO IAMPP;MALDONADO;NEFROLOGÍA;0.00
COMEFLO IAMPP;MALDONADO;NEFROLOGÍA PEDIÁTRICA;0.00
COMEFLO IAMPP;MALDONADO;NEONATOLOGÍA;0.00
COMEFLO IAMPP;MALDONADO;NEUMOLOGÍA;0.00
COMEFLO IAMPP;MALDONADO;NEUMOLOGÍA PEDIÁTRICA;0.00
COMEFLO IAMPP;MALDONADO;NEUROCIRUGÍA;0.00
COMEFLO IAMPP;MALDONADO;NEUROLOGÍA;0.00
COMEFLO IAMPP;MALDONADO;NEUROPEDIATRÍA;0.00
COMEFLO IAMPP;MALDONADO;OFTALMOLOGÍA;0.00
COMEFLO IAMPP;MALDONADO;ONCOLOGÍA MÉDICA;0.00
COMEFLO IAMPP;MALDONADO;ONCOLOGÍA RADIOTERÁPICA;0.00
COMEFLO IAMPP;MALDONADO;TRAUMATOLOGÍA;0.00
COMEFLO IAMPP;MALDONADO;OTORRINOLARINGOLOGÍA;0.00
COMEFLO IAMPP;MALDONADO;PEDIATRÍA;0.00
COMEFLO IAMPP;MALDONADO;PSICOTERAPIA PSICOANALÍTICA;0.00
COMEFLO IAMPP;MALDONADO;PSIQUIATRÍA;0.00
COMEFLO IAMPP;MALDONADO;PSIQUIATRÍA PEDIÁTRICA;0.00
COMEFLO IAMPP;MALDONADO;REUMATOLOGÍA;0.00
COMEFLO IAMPP;MALDONADO;UROLOGÍA;0.00
COMEFLO IAMPP;MALDONADO;UROLOGÍA PEDIÁTRICA;0.00
COMEFLO IAMPP;MALDONADO;FISIOTERAPÍA;0.00
COMEFLO IAMPP;MALDONADO;FONOAUDIOLOGÍA;0.00
COMEFLO IAMPP;MALDONADO;NUTRICIÓN;0.00
COMEFLO IAMPP;MALDONADO;PSICOLOGÍA;0.00
COMEFLO IAMPP;MALDONADO;PSICOMOTRICIDAD;0.00
COMEFLO IAMPP;MALDONADO;PSICOPEDAGOGÍA;0.00
COMEFLO IAMPP;MALDONADO;TRABAJO SOCIAL;0.00
COMEFLO IAMPP;MALDONADO;OBSTETRA PARTERA;0.00
COMEFLO IAMPP;PAYSANDÚ;MEDICINA GENERAL;0.00
COMEFLO IAMPP;PAYSANDÚ;ODONTOLOGÍA;0.00
COMEFLO IAMPP;PAYSANDÚ;ALERGOLOGÍA;0.00
COMEFLO IAMPP;PAYSANDÚ;ANESTESIOLOGÍA;0.00
COMEFLO IAMPP;PAYSANDÚ;CARDIOLOGÍA;0.00
COMEFLO IAMPP;PAYSANDÚ;CARDIOLOGÍA PEDIÁTRICA;0.00
COMEFLO IAMPP;PAYSANDÚ;CIRUGÍA GENERAL;0.00
COMEFLO IAMPP;PAYSANDÚ;CIRUGÍA CARDÍACA;0.00
COMEFLO IAMPP;PAYSANDÚ;CIRUGÍA DE TORAX;0.00
COMEFLO IAMPP;PAYSANDÚ;CIRUGÍA PEDIÁTRICA;0.00
COMEFLO IAMPP;PAYSANDÚ;CIRUGÍA PLÁSTICA;0.00
COMEFLO IAMPP;PAYSANDÚ;CIRUGÍA VASCULAR PERIFÉRICA;0.00
COMEFLO IAMPP;PAYSANDÚ;CIRUGÍA Y TRAUMATOLOGÍA BUCO-MAXILO-FACIAL;0.00
COMEFLO IAMPP;PAYSANDÚ;CUIDADOS PALIATIVOS DEL ADULTO;0.00
COMEFLO IAMPP;PAYSANDÚ;DERMATOLOGÍA;0.00
COMEFLO IAMPP;PAYSANDÚ;DIABETOLOGÍA;0.00
COMEFLO IAMPP;PAYSANDÚ;ENDOCRINOLOGÍA;0.00
COMEFLO IAMPP;PAYSANDÚ;ENDOSCOPÍA DIGESTIVA;0.00
COMEFLO IAMPP;PAYSANDÚ;ENFERMEDADES INFECCIOSAS;0.00
COMEFLO IAMPP;PAYSANDÚ;FISIATRÍA;0.00
COMEFLO IAMPP;PAYSANDÚ;GASTROENTEROLOGÍA;0.00
COMEFLO IAMPP;PAYSANDÚ;GERIATRÍA;0.00
COMEFLO IAMPP;PAYSANDÚ;GINECOTOCOLOGÍA;0.00
COMEFLO IAMPP;PAYSANDÚ;HEMATOLOGÍA;0.00
COMEFLO IAMPP;PAYSANDÚ;MEDICINA FAMILIAR Y COMUNITARIA;0.00
COMEFLO IAMPP;PAYSANDÚ;MEDICINA INTENSIVA;0.00
COMEFLO IAMPP;PAYSANDÚ;MEDICINA INTENSIVA PEDIÁTRICA;0.00
COMEFLO IAMPP;PAYSANDÚ;MEDICINA INTERNA;0.00
COMEFLO IAMPP;PAYSANDÚ;NEFROLOGÍA;0.00
COMEFLO IAMPP;PAYSANDÚ;NEFROLOGÍA PEDIÁTRICA;0.00
COMEFLO IAMPP;PAYSANDÚ;NEONATOLOGÍA;0.00
COMEFLO IAMPP;PAYSANDÚ;NEUMOLOGÍA;0.00
COMEFLO IAMPP;PAYSANDÚ;NEUMOLOGÍA PEDIÁTRICA;0.00
COMEFLO IAMPP;PAYSANDÚ;NEUROCIRUGÍA;0.00
COMEFLO IAMPP;PAYSANDÚ;NEUROLOGÍA;0.00
COMEFLO IAMPP;PAYSANDÚ;NEUROPEDIATRÍA;0.00
COMEFLO IAMPP;PAYSANDÚ;OFTALMOLOGÍA;0.00
COMEFLO IAMPP;PAYSANDÚ;ONCOLOGÍA MÉDICA;0.00
COMEFLO IAMPP;PAYSANDÚ;ONCOLOGÍA RADIOTERÁPICA;0.00
COMEFLO IAMPP;PAYSANDÚ;TRAUMATOLOGÍA;0.00
COMEFLO IAMPP;PAYSANDÚ;OTORRINOLARINGOLOGÍA;0.00
COMEFLO IAMPP;PAYSANDÚ;PEDIATRÍA;0.00
COMEFLO IAMPP;PAYSANDÚ;PSICOTERAPIA PSICOANALÍTICA;0.00
COMEFLO IAMPP;PAYSANDÚ;PSIQUIATRÍA;0.00
COMEFLO IAMPP;PAYSANDÚ;PSIQUIATRÍA PEDIÁTRICA;0.00
COMEFLO IAMPP;PAYSANDÚ;REUMATOLOGÍA;0.00
COMEFLO IAMPP;PAYSANDÚ;UROLOGÍA;0.00
COMEFLO IAMPP;PAYSANDÚ;UROLOGÍA PEDIÁTRICA;0.00
COMEFLO IAMPP;PAYSANDÚ;FISIOTERAPÍA;0.00
COMEFLO IAMPP;PAYSANDÚ;FONOAUDIOLOGÍA;0.00
COMEFLO IAMPP;PAYSANDÚ;NUTRICIÓN;0.00
COMEFLO IAMPP;PAYSANDÚ;PSICOLOGÍA;0.00
COMEFLO IAMPP;PAYSANDÚ;PSICOMOTRICIDAD;0.00
COMEFLO IAMPP;PAYSANDÚ;PSICOPEDAGOGÍA;0.00
COMEFLO IAMPP;PAYSANDÚ;TRABAJO SOCIAL;0.00
COMEFLO IAMPP;PAYSANDÚ;OBSTETRA PARTERA;0.00
COMEFLO IAMPP;RÍO NEGRO;MEDICINA GENERAL;0.00
COMEFLO IAMPP;RÍO NEGRO;ODONTOLOGÍA;0.00
COMEFLO IAMPP;RÍO NEGRO;ALERGOLOGÍA;0.00
COMEFLO IAMPP;RÍO NEGRO;ANESTESIOLOGÍA;0.00
COMEFLO IAMPP;RÍO NEGRO;CARDIOLOGÍA;0.00
COMEFLO IAMPP;RÍO NEGRO;CARDIOLOGÍA PEDIÁTRICA;0.00
COMEFLO IAMPP;RÍO NEGRO;CIRUGÍA GENERAL;0.00
COMEFLO IAMPP;RÍO NEGRO;CIRUGÍA CARDÍACA;0.00
COMEFLO IAMPP;RÍO NEGRO;CIRUGÍA DE TORAX;0.00
COMEFLO IAMPP;RÍO NEGRO;CIRUGÍA PEDIÁTRICA;0.00
COMEFLO IAMPP;RÍO NEGRO;CIRUGÍA PLÁSTICA;0.00
COMEFLO IAMPP;RÍO NEGRO;CIRUGÍA VASCULAR PERIFÉRICA;0.00
COMEFLO IAMPP;RÍO NEGRO;CIRUGÍA Y TRAUMATOLOGÍA BUCO-MAXILO-FACIAL;0.00
COMEFLO IAMPP;RÍO NEGRO;CUIDADOS PALIATIVOS DEL ADULTO;0.00
COMEFLO IAMPP;RÍO NEGRO;DERMATOLOGÍA;0.00
COMEFLO IAMPP;RÍO NEGRO;DIABETOLOGÍA;0.00
COMEFLO IAMPP;RÍO NEGRO;ENDOCRINOLOGÍA;0.00
COMEFLO IAMPP;RÍO NEGRO;ENDOSCOPÍA DIGESTIVA;0.00
COMEFLO IAMPP;RÍO NEGRO;ENFERMEDADES INFECCIOSAS;0.00
COMEFLO IAMPP;RÍO NEGRO;FISIATRÍA;0.00
COMEFLO IAMPP;RÍO NEGRO;GASTROENTEROLOGÍA;0.00
COMEFLO IAMPP;RÍO NEGRO;GERIATRÍA;0.00
COMEFLO IAMPP;RÍO NEGRO;GINECOTOCOLOGÍA;0.00
COMEFLO IAMPP;RÍO NEGRO;HEMATOLOGÍA;0.00
COMEFLO IAMPP;RÍO NEGRO;MEDICINA FAMILIAR Y COMUNITARIA;0.00
COMEFLO IAMPP;RÍO NEGRO;MEDICINA INTENSIVA;0.00
COMEFLO IAMPP;RÍO NEGRO;MEDICINA INTENSIVA PEDIÁTRICA;0.00
COMEFLO IAMPP;RÍO NEGRO;MEDICINA INTERNA;0.00
COMEFLO IAMPP;RÍO NEGRO;NEFROLOGÍA;0.00
COMEFLO IAMPP;RÍO NEGRO;NEFROLOGÍA PEDIÁTRICA;0.00
COMEFLO IAMPP;RÍO NEGRO;NEONATOLOGÍA;0.00
COMEFLO IAMPP;RÍO NEGRO;NEUMOLOGÍA;0.00
COMEFLO IAMPP;RÍO NEGRO;NEUMOLOGÍA PEDIÁTRICA;0.00
COMEFLO IAMPP;RÍO NEGRO;NEUROCIRUGÍA;0.00
COMEFLO IAMPP;RÍO NEGRO;NEUROLOGÍA;0.00
COMEFLO IAMPP;RÍO NEGRO;NEUROPEDIATRÍA;0.00
COMEFLO IAMPP;RÍO NEGRO;OFTALMOLOGÍA;0.00
COMEFLO IAMPP;RÍO NEGRO;ONCOLOGÍA MÉDICA;0.00
COMEFLO IAMPP;RÍO NEGRO;ONCOLOGÍA RADIOTERÁPICA;0.00
COMEFLO IAMPP;RÍO NEGRO;TRAUMATOLOGÍA;0.00
COMEFLO IAMPP;RÍO NEGRO;OTORRINOLARINGOLOGÍA;0.00
COMEFLO IAMPP;RÍO NEGRO;PEDIATRÍA;0.00
COMEFLO IAMPP;RÍO NEGRO;PSICOTERAPIA PSICOANALÍTICA;0.00
COMEFLO IAMPP;RÍO NEGRO;PSIQUIATRÍA;0.00
COMEFLO IAMPP;RÍO NEGRO;PSIQUIATRÍA PEDIÁTRICA;0.00
COMEFLO IAMPP;RÍO NEGRO;REUMATOLOGÍA;0.00
COMEFLO IAMPP;RÍO NEGRO;UROLOGÍA;0.00
COMEFLO IAMPP;RÍO NEGRO;UROLOGÍA PEDIÁTRICA;0.00
COMEFLO IAMPP;RÍO NEGRO;FISIOTERAPÍA;0.00
COMEFLO IAMPP;RÍO NEGRO;FONOAUDIOLOGÍA;0.00
COMEFLO IAMPP;RÍO NEGRO;NUTRICIÓN;0.00
COMEFLO IAMPP;RÍO NEGRO;PSICOLOGÍA;0.00
COMEFLO IAMPP;RÍO NEGRO;PSICOMOTRICIDAD;0.00
COMEFLO IAMPP;RÍO NEGRO;PSICOPEDAGOGÍA;0.00
COMEFLO IAMPP;RÍO NEGRO;TRABAJO SOCIAL;0.00
COMEFLO IAMPP;RÍO NEGRO;OBSTETRA PARTERA;0.00
COMEFLO IAMPP;RIVERA;MEDICINA GENERAL;0.00
COMEFLO IAMPP;RIVERA;ODONTOLOGÍA;0.00
COMEFLO IAMPP;RIVERA;ALERGOLOGÍA;0.00
COMEFLO IAMPP;RIVERA;ANESTESIOLOGÍA;0.00
COMEFLO IAMPP;RIVERA;CARDIOLOGÍA;0.00
COMEFLO IAMPP;RIVERA;CARDIOLOGÍA PEDIÁTRICA;0.00
COMEFLO IAMPP;RIVERA;CIRUGÍA GENERAL;0.00
COMEFLO IAMPP;RIVERA;CIRUGÍA CARDÍACA;0.00
COMEFLO IAMPP;RIVERA;CIRUGÍA DE TORAX;0.00
COMEFLO IAMPP;RIVERA;CIRUGÍA PEDIÁTRICA;0.00
COMEFLO IAMPP;RIVERA;CIRUGÍA PLÁSTICA;0.00
COMEFLO IAMPP;RIVERA;CIRUGÍA VASCULAR PERIFÉRICA;0.00
COMEFLO IAMPP;RIVERA;CIRUGÍA Y TRAUMATOLOGÍA BUCO-MAXILO-FACIAL;0.00
COMEFLO IAMPP;RIVERA;CUIDADOS PALIATIVOS DEL ADULTO;0.00
COMEFLO IAMPP;RIVERA;DERMATOLOGÍA;0.00
COMEFLO IAMPP;RIVERA;DIABETOLOGÍA;0.00
COMEFLO IAMPP;RIVERA;ENDOCRINOLOGÍA;0.00
COMEFLO IAMPP;RIVERA;ENDOSCOPÍA DIGESTIVA;0.00
COMEFLO IAMPP;RIVERA;ENFERMEDADES INFECCIOSAS;0.00
COMEFLO IAMPP;RIVERA;FISIATRÍA;0.00
COMEFLO IAMPP;RIVERA;GASTROENTEROLOGÍA;0.00
COMEFLO IAMPP;RIVERA;GERIATRÍA;0.00
COMEFLO IAMPP;RIVERA;GINECOTOCOLOGÍA;0.00
COMEFLO IAMPP;RIVERA;HEMATOLOGÍA;0.00
COMEFLO IAMPP;RIVERA;MEDICINA FAMILIAR Y COMUNITARIA;0.00
COMEFLO IAMPP;RIVERA;MEDICINA INTENSIVA;0.00
COMEFLO IAMPP;RIVERA;MEDICINA INTENSIVA PEDIÁTRICA;0.00
COMEFLO IAMPP;RIVERA;MEDICINA INTERNA;0.00
COMEFLO IAMPP;RIVERA;NEFROLOGÍA;0.00
COMEFLO IAMPP;RIVERA;NEFROLOGÍA PEDIÁTRICA;0.00
COMEFLO IAMPP;RIVERA;NEONATOLOGÍA;0.00
COMEFLO IAMPP;RIVERA;NEUMOLOGÍA;0.00
COMEFLO IAMPP;RIVERA;NEUMOLOGÍA PEDIÁTRICA;0.00
COMEFLO IAMPP;RIVERA;NEUROCIRUGÍA;0.00
COMEFLO IAMPP;RIVERA;NEUROLOGÍA;0.00
COMEFLO IAMPP;RIVERA;NEUROPEDIATRÍA;0.00
COMEFLO IAMPP;RIVERA;OFTALMOLOGÍA;0.00
COMEFLO IAMPP;RIVERA;ONCOLOGÍA MÉDICA;0.00
COMEFLO IAMPP;RIVERA;ONCOLOGÍA RADIOTERÁPICA;0.00
COMEFLO IAMPP;RIVERA;TRAUMATOLOGÍA;0.00
COMEFLO IAMPP;RIVERA;OTORRINOLARINGOLOGÍA;0.00
COMEFLO IAMPP;RIVERA;PEDIATRÍA;0.00
COMEFLO IAMPP;RIVERA;PSICOTERAPIA PSICOANALÍTICA;0.00
COMEFLO IAMPP;RIVERA;PSIQUIATRÍA;0.00
COMEFLO IAMPP;RIVERA;PSIQUIATRÍA PEDIÁTRICA;0.00
COMEFLO IAMPP;RIVERA;REUMATOLOGÍA;0.00
COMEFLO IAMPP;RIVERA;UROLOGÍA;0.00
COMEFLO IAMPP;RIVERA;UROLOGÍA PEDIÁTRICA;0.00
COMEFLO IAMPP;RIVERA;FISIOTERAPÍA;0.00
COMEFLO IAMPP;RIVERA;FONOAUDIOLOGÍA;0.00
COMEFLO IAMPP;RIVERA;NUTRICIÓN;0.00
COMEFLO IAMPP;RIVERA;PSICOLOGÍA;0.00
COMEFLO IAMPP;RIVERA;PSICOMOTRICIDAD;0.00
COMEFLO IAMPP;RIVERA;PSICOPEDAGOGÍA;0.00
COMEFLO IAMPP;RIVERA;TRABAJO SOCIAL;0.00
COMEFLO IAMPP;RIVERA;OBSTETRA PARTERA;0.00
COMEFLO IAMPP;ROCHA;MEDICINA GENERAL;0.00
COMEFLO IAMPP;ROCHA;ODONTOLOGÍA;0.00
COMEFLO IAMPP;ROCHA;ALERGOLOGÍA;0.00
COMEFLO IAMPP;ROCHA;ANESTESIOLOGÍA;0.00
COMEFLO IAMPP;ROCHA;CARDIOLOGÍA;0.00
COMEFLO IAMPP;ROCHA;CARDIOLOGÍA PEDIÁTRICA;0.00
COMEFLO IAMPP;ROCHA;CIRUGÍA GENERAL;0.00
COMEFLO IAMPP;ROCHA;CIRUGÍA CARDÍACA;0.00
COMEFLO IAMPP;ROCHA;CIRUGÍA DE TORAX;0.00
COMEFLO IAMPP;ROCHA;CIRUGÍA PEDIÁTRICA;0.00
COMEFLO IAMPP;ROCHA;CIRUGÍA PLÁSTICA;0.00
COMEFLO IAMPP;ROCHA;CIRUGÍA VASCULAR PERIFÉRICA;0.00
COMEFLO IAMPP;ROCHA;CIRUGÍA Y TRAUMATOLOGÍA BUCO-MAXILO-FACIAL;0.00
COMEFLO IAMPP;ROCHA;CUIDADOS PALIATIVOS DEL ADULTO;0.00
COMEFLO IAMPP;ROCHA;DERMATOLOGÍA;0.00
COMEFLO IAMPP;ROCHA;DIABETOLOGÍA;0.00
COMEFLO IAMPP;ROCHA;ENDOCRINOLOGÍA;0.00
COMEFLO IAMPP;ROCHA;ENDOSCOPÍA DIGESTIVA;0.00
COMEFLO IAMPP;ROCHA;ENFERMEDADES INFECCIOSAS;0.00
COMEFLO IAMPP;ROCHA;FISIATRÍA;0.00
COMEFLO IAMPP;ROCHA;GASTROENTEROLOGÍA;0.00
COMEFLO IAMPP;ROCHA;GERIATRÍA;0.00
COMEFLO IAMPP;ROCHA;GINECOTOCOLOGÍA;0.00
COMEFLO IAMPP;ROCHA;HEMATOLOGÍA;0.00
COMEFLO IAMPP;ROCHA;MEDICINA FAMILIAR Y COMUNITARIA;0.00
COMEFLO IAMPP;ROCHA;MEDICINA INTENSIVA;0.00
COMEFLO IAMPP;ROCHA;MEDICINA INTENSIVA PEDIÁTRICA;0.00
COMEFLO IAMPP;ROCHA;MEDICINA INTERNA;0.00
COMEFLO IAMPP;ROCHA;NEFROLOGÍA;0.00
COMEFLO IAMPP;ROCHA;NEFROLOGÍA PEDIÁTRICA;0.00
COMEFLO IAMPP;ROCHA;NEONATOLOGÍA;0.00
COMEFLO IAMPP;ROCHA;NEUMOLOGÍA;0.00
COMEFLO IAMPP;ROCHA;NEUMOLOGÍA PEDIÁTRICA;0.00
COMEFLO IAMPP;ROCHA;NEUROCIRUGÍA;0.00
COMEFLO IAMPP;ROCHA;NEUROLOGÍA;0.00
COMEFLO IAMPP;ROCHA;NEUROPEDIATRÍA;0.00
COMEFLO IAMPP;ROCHA;OFTALMOLOGÍA;0.00
COMEFLO IAMPP;ROCHA;ONCOLOGÍA MÉDICA;0.00
COMEFLO IAMPP;ROCHA;ONCOLOGÍA RADIOTERÁPICA;0.00
COMEFLO IAMPP;ROCHA;TRAUMATOLOGÍA;0.00
COMEFLO IAMPP;ROCHA;OTORRINOLARINGOLOGÍA;0.00
COMEFLO IAMPP;ROCHA;PEDIATRÍA;0.00
COMEFLO IAMPP;ROCHA;PSICOTERAPIA PSICOANALÍTICA;0.00
COMEFLO IAMPP;ROCHA;PSIQUIATRÍA;0.00
COMEFLO IAMPP;ROCHA;PSIQUIATRÍA PEDIÁTRICA;0.00
COMEFLO IAMPP;ROCHA;REUMATOLOGÍA;0.00
COMEFLO IAMPP;ROCHA;UROLOGÍA;0.00
COMEFLO IAMPP;ROCHA;UROLOGÍA PEDIÁTRICA;0.00
COMEFLO IAMPP;ROCHA;FISIOTERAPÍA;0.00
COMEFLO IAMPP;ROCHA;FONOAUDIOLOGÍA;0.00
COMEFLO IAMPP;ROCHA;NUTRICIÓN;0.00
COMEFLO IAMPP;ROCHA;PSICOLOGÍA;0.00
COMEFLO IAMPP;ROCHA;PSICOMOTRICIDAD;0.00
COMEFLO IAMPP;ROCHA;PSICOPEDAGOGÍA;0.00
COMEFLO IAMPP;ROCHA;TRABAJO SOCIAL;0.00
COMEFLO IAMPP;ROCHA;OBSTETRA PARTERA;0.00
COMEFLO IAMPP;SALTO;MEDICINA GENERAL;0.00
COMEFLO IAMPP;SALTO;ODONTOLOGÍA;0.00
COMEFLO IAMPP;SALTO;ALERGOLOGÍA;0.00
COMEFLO IAMPP;SALTO;ANESTESIOLOGÍA;0.00
COMEFLO IAMPP;SALTO;CARDIOLOGÍA;0.00
COMEFLO IAMPP;SALTO;CARDIOLOGÍA PEDIÁTRICA;0.00
COMEFLO IAMPP;SALTO;CIRUGÍA GENERAL;0.00
COMEFLO IAMPP;SALTO;CIRUGÍA CARDÍACA;0.00
COMEFLO IAMPP;SALTO;CIRUGÍA DE TORAX;0.00
COMEFLO IAMPP;SALTO;CIRUGÍA PEDIÁTRICA;0.00
COMEFLO IAMPP;SALTO;CIRUGÍA PLÁSTICA;0.00
COMEFLO IAMPP;SALTO;CIRUGÍA VASCULAR PERIFÉRICA;0.00
COMEFLO IAMPP;SALTO;CIRUGÍA Y TRAUMATOLOGÍA BUCO-MAXILO-FACIAL;0.00
COMEFLO IAMPP;SALTO;CUIDADOS PALIATIVOS DEL ADULTO;0.00
COMEFLO IAMPP;SALTO;DERMATOLOGÍA;0.00
COMEFLO IAMPP;SALTO;DIABETOLOGÍA;0.00
COMEFLO IAMPP;SALTO;ENDOCRINOLOGÍA;0.00
COMEFLO IAMPP;SALTO;ENDOSCOPÍA DIGESTIVA;0.00
COMEFLO IAMPP;SALTO;ENFERMEDADES INFECCIOSAS;0.00
COMEFLO IAMPP;SALTO;FISIATRÍA;0.00
COMEFLO IAMPP;SALTO;GASTROENTEROLOGÍA;0.00
COMEFLO IAMPP;SALTO;GERIATRÍA;0.00
COMEFLO IAMPP;SALTO;GINECOTOCOLOGÍA;0.00
COMEFLO IAMPP;SALTO;HEMATOLOGÍA;0.00
COMEFLO IAMPP;SALTO;MEDICINA FAMILIAR Y COMUNITARIA;0.00
COMEFLO IAMPP;SALTO;MEDICINA INTENSIVA;0.00
COMEFLO IAMPP;SALTO;MEDICINA INTENSIVA PEDIÁTRICA;0.00
COMEFLO IAMPP;SALTO;MEDICINA INTERNA;0.00
COMEFLO IAMPP;SALTO;NEFROLOGÍA;0.00
COMEFLO IAMPP;SALTO;NEFROLOGÍA PEDIÁTRICA;0.00
COMEFLO IAMPP;SALTO;NEONATOLOGÍA;0.00
COMEFLO IAMPP;SALTO;NEUMOLOGÍA;0.00
COMEFLO IAMPP;SALTO;NEUMOLOGÍA PEDIÁTRICA;0.00
COMEFLO IAMPP;SALTO;NEUROCIRUGÍA;0.00
COMEFLO IAMPP;SALTO;NEUROLOGÍA;0.00
COMEFLO IAMPP;SALTO;NEUROPEDIATRÍA;0.00
COMEFLO IAMPP;SALTO;OFTALMOLOGÍA;0.00
COMEFLO IAMPP;SALTO;ONCOLOGÍA MÉDICA;0.00
COMEFLO IAMPP;SALTO;ONCOLOGÍA RADIOTERÁPICA;0.00
COMEFLO IAMPP;SALTO;TRAUMATOLOGÍA;0.00
COMEFLO IAMPP;SALTO;OTORRINOLARINGOLOGÍA;0.00
COMEFLO IAMPP;SALTO;PEDIATRÍA;0.00
COMEFLO IAMPP;SALTO;PSICOTERAPIA PSICOANALÍTICA;0.00
COMEFLO IAMPP;SALTO;PSIQUIATRÍA;0.00
COMEFLO IAMPP;SALTO;PSIQUIATRÍA PEDIÁTRICA;0.00
COMEFLO IAMPP;SALTO;REUMATOLOGÍA;0.00
COMEFLO IAMPP;SALTO;UROLOGÍA;0.00
COMEFLO IAMPP;SALTO;UROLOGÍA PEDIÁTRICA;0.00
COMEFLO IAMPP;SALTO;FISIOTERAPÍA;0.00
COMEFLO IAMPP;SALTO;FONOAUDIOLOGÍA;0.00
COMEFLO IAMPP;SALTO;NUTRICIÓN;0.00
COMEFLO IAMPP;SALTO;PSICOLOGÍA;0.00
COMEFLO IAMPP;SALTO;PSICOMOTRICIDAD;0.00
COMEFLO IAMPP;SALTO;PSICOPEDAGOGÍA;0.00
COMEFLO IAMPP;SALTO;TRABAJO SOCIAL;0.00
COMEFLO IAMPP;SALTO;OBSTETRA PARTERA;0.00
COMEFLO IAMPP;SAN JOSÉ;MEDICINA GENERAL;0.00
COMEFLO IAMPP;SAN JOSÉ;ODONTOLOGÍA;0.00
COMEFLO IAMPP;SAN JOSÉ;ALERGOLOGÍA;0.00
COMEFLO IAMPP;SAN JOSÉ;ANESTESIOLOGÍA;0.00
COMEFLO IAMPP;SAN JOSÉ;CARDIOLOGÍA;0.00
COMEFLO IAMPP;SAN JOSÉ;CARDIOLOGÍA PEDIÁTRICA;0.00
COMEFLO IAMPP;SAN JOSÉ;CIRUGÍA GENERAL;0.00
COMEFLO IAMPP;SAN JOSÉ;CIRUGÍA CARDÍACA;0.00
COMEFLO IAMPP;SAN JOSÉ;CIRUGÍA DE TORAX;0.00
COMEFLO IAMPP;SAN JOSÉ;CIRUGÍA PEDIÁTRICA;0.00
COMEFLO IAMPP;SAN JOSÉ;CIRUGÍA PLÁSTICA;0.00
COMEFLO IAMPP;SAN JOSÉ;CIRUGÍA VASCULAR PERIFÉRICA;0.00
COMEFLO IAMPP;SAN JOSÉ;CIRUGÍA Y TRAUMATOLOGÍA BUCO-MAXILO-FACIAL;0.00
COMEFLO IAMPP;SAN JOSÉ;CUIDADOS PALIATIVOS DEL ADULTO;0.00
COMEFLO IAMPP;SAN JOSÉ;DERMATOLOGÍA;0.00
COMEFLO IAMPP;SAN JOSÉ;DIABETOLOGÍA;0.00
COMEFLO IAMPP;SAN JOSÉ;ENDOCRINOLOGÍA;0.00
COMEFLO IAMPP;SAN JOSÉ;ENDOSCOPÍA DIGESTIVA;0.00
COMEFLO IAMPP;SAN JOSÉ;ENFERMEDADES INFECCIOSAS;0.00
COMEFLO IAMPP;SAN JOSÉ;FISIATRÍA;0.00
COMEFLO IAMPP;SAN JOSÉ;GASTROENTEROLOGÍA;0.00
COMEFLO IAMPP;SAN JOSÉ;GERIATRÍA;0.00
COMEFLO IAMPP;SAN JOSÉ;GINECOTOCOLOGÍA;0.00
COMEFLO IAMPP;SAN JOSÉ;HEMATOLOGÍA;0.00
COMEFLO IAMPP;SAN JOSÉ;MEDICINA FAMILIAR Y COMUNITARIA;0.00
COMEFLO IAMPP;SAN JOSÉ;MEDICINA INTENSIVA;0.00
COMEFLO IAMPP;SAN JOSÉ;MEDICINA INTENSIVA PEDIÁTRICA;0.00
COMEFLO IAMPP;SAN JOSÉ;MEDICINA INTERNA;0.00
COMEFLO IAMPP;SAN JOSÉ;NEFROLOGÍA;0.00
COMEFLO IAMPP;SAN JOSÉ;NEFROLOGÍA PEDIÁTRICA;0.00
COMEFLO IAMPP;SAN JOSÉ;NEONATOLOGÍA;0.00
COMEFLO IAMPP;SAN JOSÉ;NEUMOLOGÍA;0.00
COMEFLO IAMPP;SAN JOSÉ;NEUMOLOGÍA PEDIÁTRICA;0.00
COMEFLO IAMPP;SAN JOSÉ;NEUROCIRUGÍA;0.00
COMEFLO IAMPP;SAN JOSÉ;NEUROLOGÍA;0.00
COMEFLO IAMPP;SAN JOSÉ;NEUROPEDIATRÍA;0.00
COMEFLO IAMPP;SAN JOSÉ;OFTALMOLOGÍA;0.00
COMEFLO IAMPP;SAN JOSÉ;ONCOLOGÍA MÉDICA;0.00
COMEFLO IAMPP;SAN JOSÉ;ONCOLOGÍA RADIOTERÁPICA;0.00
COMEFLO IAMPP;SAN JOSÉ;TRAUMATOLOGÍA;0.00
COMEFLO IAMPP;SAN JOSÉ;OTORRINOLARINGOLOGÍA;0.00
COMEFLO IAMPP;SAN JOSÉ;PEDIATRÍA;0.00
COMEFLO IAMPP;SAN JOSÉ;PSICOTERAPIA PSICOANALÍTICA;0.00
COMEFLO IAMPP;SAN JOSÉ;PSIQUIATRÍA;0.00
COMEFLO IAMPP;SAN JOSÉ;PSIQUIATRÍA PEDIÁTRICA;0.00
COMEFLO IAMPP;SAN JOSÉ;REUMATOLOGÍA;0.00
COMEFLO IAMPP;SAN JOSÉ;UROLOGÍA;0.00
COMEFLO IAMPP;SAN JOSÉ;UROLOGÍA PEDIÁTRICA;0.00
COMEFLO IAMPP;SAN JOSÉ;FISIOTERAPÍA;0.00
COMEFLO IAMPP;SAN JOSÉ;FONOAUDIOLOGÍA;0.00
COMEFLO IAMPP;SAN JOSÉ;NUTRICIÓN;0.00
COMEFLO IAMPP;SAN JOSÉ;PSICOLOGÍA;0.00
COMEFLO IAMPP;SAN JOSÉ;PSICOMOTRICIDAD;0.00
COMEFLO IAMPP;SAN JOSÉ;PSICOPEDAGOGÍA;0.00
COMEFLO IAMPP;SAN JOSÉ;TRABAJO SOCIAL;0.00
COMEFLO IAMPP;SAN JOSÉ;OBSTETRA PARTERA;0.00
COMEFLO IAMPP;SORIANO;MEDICINA GENERAL;0.00
COMEFLO IAMPP;SORIANO;ODONTOLOGÍA;0.00
COMEFLO IAMPP;SORIANO;ALERGOLOGÍA;0.00
COMEFLO IAMPP;SORIANO;ANESTESIOLOGÍA;0.00
COMEFLO IAMPP;SORIANO;CARDIOLOGÍA;0.00
COMEFLO IAMPP;SORIANO;CARDIOLOGÍA PEDIÁTRICA;0.00
COMEFLO IAMPP;SORIANO;CIRUGÍA GENERAL;0.00
COMEFLO IAMPP;SORIANO;CIRUGÍA CARDÍACA;0.00
COMEFLO IAMPP;SORIANO;CIRUGÍA DE TORAX;0.00
COMEFLO IAMPP;SORIANO;CIRUGÍA PEDIÁTRICA;0.00
COMEFLO IAMPP;SORIANO;CIRUGÍA PLÁSTICA;0.00
COMEFLO IAMPP;SORIANO;CIRUGÍA VASCULAR PERIFÉRICA;0.00
COMEFLO IAMPP;SORIANO;CIRUGÍA Y TRAUMATOLOGÍA BUCO-MAXILO-FACIAL;0.00
COMEFLO IAMPP;SORIANO;CUIDADOS PALIATIVOS DEL ADULTO;0.00
COMEFLO IAMPP;SORIANO;DERMATOLOGÍA;0.00
COMEFLO IAMPP;SORIANO;DIABETOLOGÍA;0.00
COMEFLO IAMPP;SORIANO;ENDOCRINOLOGÍA;0.00
COMEFLO IAMPP;SORIANO;ENDOSCOPÍA DIGESTIVA;0.00
COMEFLO IAMPP;SORIANO;ENFERMEDADES INFECCIOSAS;0.00
COMEFLO IAMPP;SORIANO;FISIATRÍA;0.00
COMEFLO IAMPP;SORIANO;GASTROENTEROLOGÍA;0.00
COMEFLO IAMPP;SORIANO;GERIATRÍA;0.00
COMEFLO IAMPP;SORIANO;GINECOTOCOLOGÍA;0.00
COMEFLO IAMPP;SORIANO;HEMATOLOGÍA;0.00
COMEFLO IAMPP;SORIANO;MEDICINA FAMILIAR Y COMUNITARIA;0.00
COMEFLO IAMPP;SORIANO;MEDICINA INTENSIVA;0.00
COMEFLO IAMPP;SORIANO;MEDICINA INTENSIVA PEDIÁTRICA;0.00
COMEFLO IAMPP;SORIANO;MEDICINA INTERNA;0.00
COMEFLO IAMPP;SORIANO;NEFROLOGÍA;0.00
COMEFLO IAMPP;SORIANO;NEFROLOGÍA PEDIÁTRICA;0.00
COMEFLO IAMPP;SORIANO;NEONATOLOGÍA;0.00
COMEFLO IAMPP;SORIANO;NEUMOLOGÍA;0.00
COMEFLO IAMPP;SORIANO;NEUMOLOGÍA PEDIÁTRICA;0.00
COMEFLO IAMPP;SORIANO;NEUROCIRUGÍA;0.00
COMEFLO IAMPP;SORIANO;NEUROLOGÍA;0.00
COMEFLO IAMPP;SORIANO;NEUROPEDIATRÍA;0.00
COMEFLO IAMPP;SORIANO;OFTALMOLOGÍA;0.00
COMEFLO IAMPP;SORIANO;ONCOLOGÍA MÉDICA;0.00
COMEFLO IAMPP;SORIANO;ONCOLOGÍA RADIOTERÁPICA;0.00
COMEFLO IAMPP;SORIANO;TRAUMATOLOGÍA;0.00
COMEFLO IAMPP;SORIANO;OTORRINOLARINGOLOGÍA;0.00
COMEFLO IAMPP;SORIANO;PEDIATRÍA;0.00
COMEFLO IAMPP;SORIANO;PSICOTERAPIA PSICOANALÍTICA;0.00
COMEFLO IAMPP;SORIANO;PSIQUIATRÍA;0.00
COMEFLO IAMPP;SORIANO;PSIQUIATRÍA PEDIÁTRICA;0.00
COMEFLO IAMPP;SORIANO;REUMATOLOGÍA;0.00
COMEFLO IAMPP;SORIANO;UROLOGÍA;0.00
COMEFLO IAMPP;SORIANO;UROLOGÍA PEDIÁTRICA;0.00
COMEFLO IAMPP;SORIANO;FISIOTERAPÍA;0.00
COMEFLO IAMPP;SORIANO;FONOAUDIOLOGÍA;0.00
COMEFLO IAMPP;SORIANO;NUTRICIÓN;0.00
COMEFLO IAMPP;SORIANO;PSICOLOGÍA;0.00
COMEFLO IAMPP;SORIANO;PSICOMOTRICIDAD;0.00
COMEFLO IAMPP;SORIANO;PSICOPEDAGOGÍA;0.00
COMEFLO IAMPP;SORIANO;TRABAJO SOCIAL;0.00
COMEFLO IAMPP;SORIANO;OBSTETRA PARTERA;0.00
COMEFLO IAMPP;TACUAREMBÓ;MEDICINA GENERAL;0.00
COMEFLO IAMPP;TACUAREMBÓ;ODONTOLOGÍA;0.00
COMEFLO IAMPP;TACUAREMBÓ;ALERGOLOGÍA;0.00
COMEFLO IAMPP;TACUAREMBÓ;ANESTESIOLOGÍA;0.00
COMEFLO IAMPP;TACUAREMBÓ;CARDIOLOGÍA;0.00
COMEFLO IAMPP;TACUAREMBÓ;CARDIOLOGÍA PEDIÁTRICA;0.00
COMEFLO IAMPP;TACUAREMBÓ;CIRUGÍA GENERAL;0.00
COMEFLO IAMPP;TACUAREMBÓ;CIRUGÍA CARDÍACA;0.00
COMEFLO IAMPP;TACUAREMBÓ;CIRUGÍA DE TORAX;0.00
COMEFLO IAMPP;TACUAREMBÓ;CIRUGÍA PEDIÁTRICA;0.00
COMEFLO IAMPP;TACUAREMBÓ;CIRUGÍA PLÁSTICA;0.00
COMEFLO IAMPP;TACUAREMBÓ;CIRUGÍA VASCULAR PERIFÉRICA;0.00
COMEFLO IAMPP;TACUAREMBÓ;CIRUGÍA Y TRAUMATOLOGÍA BUCO-MAXILO-FACIAL;0.00
COMEFLO IAMPP;TACUAREMBÓ;CUIDADOS PALIATIVOS DEL ADULTO;0.00
COMEFLO IAMPP;TACUAREMBÓ;DERMATOLOGÍA;0.00
COMEFLO IAMPP;TACUAREMBÓ;DIABETOLOGÍA;0.00
COMEFLO IAMPP;TACUAREMBÓ;ENDOCRINOLOGÍA;0.00
COMEFLO IAMPP;TACUAREMBÓ;ENDOSCOPÍA DIGESTIVA;0.00
COMEFLO IAMPP;TACUAREMBÓ;ENFERMEDADES INFECCIOSAS;0.00
COMEFLO IAMPP;TACUAREMBÓ;FISIATRÍA;0.00
COMEFLO IAMPP;TACUAREMBÓ;GASTROENTEROLOGÍA;0.00
COMEFLO IAMPP;TACUAREMBÓ;GERIATRÍA;0.00
COMEFLO IAMPP;TACUAREMBÓ;GINECOTOCOLOGÍA;0.00
COMEFLO IAMPP;TACUAREMBÓ;HEMATOLOGÍA;0.00
COMEFLO IAMPP;TACUAREMBÓ;MEDICINA FAMILIAR Y COMUNITARIA;0.00
COMEFLO IAMPP;TACUAREMBÓ;MEDICINA INTENSIVA;0.00
COMEFLO IAMPP;TACUAREMBÓ;MEDICINA INTENSIVA PEDIÁTRICA;0.00
COMEFLO IAMPP;TACUAREMBÓ;MEDICINA INTERNA;0.00
COMEFLO IAMPP;TACUAREMBÓ;NEFROLOGÍA;0.00
COMEFLO IAMPP;TACUAREMBÓ;NEFROLOGÍA PEDIÁTRICA;0.00
COMEFLO IAMPP;TACUAREMBÓ;NEONATOLOGÍA;0.00
COMEFLO IAMPP;TACUAREMBÓ;NEUMOLOGÍA;0.00
COMEFLO IAMPP;TACUAREMBÓ;NEUMOLOGÍA PEDIÁTRICA;0.00
COMEFLO IAMPP;TACUAREMBÓ;NEUROCIRUGÍA;0.00
COMEFLO IAMPP;TACUAREMBÓ;NEUROLOGÍA;0.00
COMEFLO IAMPP;TACUAREMBÓ;NEUROPEDIATRÍA;0.00
COMEFLO IAMPP;TACUAREMBÓ;OFTALMOLOGÍA;0.00
COMEFLO IAMPP;TACUAREMBÓ;ONCOLOGÍA MÉDICA;0.00
COMEFLO IAMPP;TACUAREMBÓ;ONCOLOGÍA RADIOTERÁPICA;0.00
COMEFLO IAMPP;TACUAREMBÓ;TRAUMATOLOGÍA;0.00
COMEFLO IAMPP;TACUAREMBÓ;OTORRINOLARINGOLOGÍA;0.00
COMEFLO IAMPP;TACUAREMBÓ;PEDIATRÍA;0.00
COMEFLO IAMPP;TACUAREMBÓ;PSICOTERAPIA PSICOANALÍTICA;0.00
COMEFLO IAMPP;TACUAREMBÓ;PSIQUIATRÍA;0.00
COMEFLO IAMPP;TACUAREMBÓ;PSIQUIATRÍA PEDIÁTRICA;0.00
COMEFLO IAMPP;TACUAREMBÓ;REUMATOLOGÍA;0.00
COMEFLO IAMPP;TACUAREMBÓ;UROLOGÍA;0.00
COMEFLO IAMPP;TACUAREMBÓ;UROLOGÍA PEDIÁTRICA;0.00
COMEFLO IAMPP;TACUAREMBÓ;FISIOTERAPÍA;0.00
COMEFLO IAMPP;TACUAREMBÓ;FONOAUDIOLOGÍA;0.00
COMEFLO IAMPP;TACUAREMBÓ;NUTRICIÓN;0.00
COMEFLO IAMPP;TACUAREMBÓ;PSICOLOGÍA;0.00
COMEFLO IAMPP;TACUAREMBÓ;PSICOMOTRICIDAD;0.00
COMEFLO IAMPP;TACUAREMBÓ;PSICOPEDAGOGÍA;0.00
COMEFLO IAMPP;TACUAREMBÓ;TRABAJO SOCIAL;0.00
COMEFLO IAMPP;TACUAREMBÓ;OBSTETRA PARTERA;0.00
COMEFLO IAMPP;TREINTA Y TRES;MEDICINA GENERAL;0.00
COMEFLO IAMPP;TREINTA Y TRES;ODONTOLOGÍA;0.00
COMEFLO IAMPP;TREINTA Y TRES;ALERGOLOGÍA;0.00
COMEFLO IAMPP;TREINTA Y TRES;ANESTESIOLOGÍA;0.00
COMEFLO IAMPP;TREINTA Y TRES;CARDIOLOGÍA;0.00
COMEFLO IAMPP;TREINTA Y TRES;CARDIOLOGÍA PEDIÁTRICA;0.00
COMEFLO IAMPP;TREINTA Y TRES;CIRUGÍA GENERAL;0.00
COMEFLO IAMPP;TREINTA Y TRES;CIRUGÍA CARDÍACA;0.00
COMEFLO IAMPP;TREINTA Y TRES;CIRUGÍA DE TORAX;0.00
COMEFLO IAMPP;TREINTA Y TRES;CIRUGÍA PEDIÁTRICA;0.00
COMEFLO IAMPP;TREINTA Y TRES;CIRUGÍA PLÁSTICA;0.00
COMEFLO IAMPP;TREINTA Y TRES;CIRUGÍA VASCULAR PERIFÉRICA;0.00
COMEFLO IAMPP;TREINTA Y TRES;CIRUGÍA Y TRAUMATOLOGÍA BUCO-MAXILO-FACIAL;0.00
COMEFLO IAMPP;TREINTA Y TRES;CUIDADOS PALIATIVOS DEL ADULTO;0.00
COMEFLO IAMPP;TREINTA Y TRES;DERMATOLOGÍA;0.00
COMEFLO IAMPP;TREINTA Y TRES;DIABETOLOGÍA;0.00
COMEFLO IAMPP;TREINTA Y TRES;ENDOCRINOLOGÍA;0.00
COMEFLO IAMPP;TREINTA Y TRES;ENDOSCOPÍA DIGESTIVA;0.00
COMEFLO IAMPP;TREINTA Y TRES;ENFERMEDADES INFECCIOSAS;0.00
COMEFLO IAMPP;TREINTA Y TRES;FISIATRÍA;0.00
COMEFLO IAMPP;TREINTA Y TRES;GASTROENTEROLOGÍA;0.00
COMEFLO IAMPP;TREINTA Y TRES;GERIATRÍA;0.00
COMEFLO IAMPP;TREINTA Y TRES;GINECOTOCOLOGÍA;0.00
COMEFLO IAMPP;TREINTA Y TRES;HEMATOLOGÍA;0.00
COMEFLO IAMPP;TREINTA Y TRES;MEDICINA FAMILIAR Y COMUNITARIA;0.00
COMEFLO IAMPP;TREINTA Y TRES;MEDICINA INTENSIVA;0.00
COMEFLO IAMPP;TREINTA Y TRES;MEDICINA INTENSIVA PEDIÁTRICA;0.00
COMEFLO IAMPP;TREINTA Y TRES;MEDICINA INTERNA;0.00
COMEFLO IAMPP;TREINTA Y TRES;NEFROLOGÍA;0.00
COMEFLO IAMPP;TREINTA Y TRES;NEFROLOGÍA PEDIÁTRICA;0.00
COMEFLO IAMPP;TREINTA Y TRES;NEONATOLOGÍA;0.00
COMEFLO IAMPP;TREINTA Y TRES;NEUMOLOGÍA;0.00
COMEFLO IAMPP;TREINTA Y TRES;NEUMOLOGÍA PEDIÁTRICA;0.00
COMEFLO IAMPP;TREINTA Y TRES;NEUROCIRUGÍA;0.00
COMEFLO IAMPP;TREINTA Y TRES;NEUROLOGÍA;0.00
COMEFLO IAMPP;TREINTA Y TRES;NEUROPEDIATRÍA;0.00
COMEFLO IAMPP;TREINTA Y TRES;OFTALMOLOGÍA;0.00
COMEFLO IAMPP;TREINTA Y TRES;ONCOLOGÍA MÉDICA;0.00
COMEFLO IAMPP;TREINTA Y TRES;ONCOLOGÍA RADIOTERÁPICA;0.00
COMEFLO IAMPP;TREINTA Y TRES;TRAUMATOLOGÍA;0.00
COMEFLO IAMPP;TREINTA Y TRES;OTORRINOLARINGOLOGÍA;0.00
COMEFLO IAMPP;TREINTA Y TRES;PEDIATRÍA;0.00
COMEFLO IAMPP;TREINTA Y TRES;PSICOTERAPIA PSICOANALÍTICA;0.00
COMEFLO IAMPP;TREINTA Y TRES;PSIQUIATRÍA;0.00
COMEFLO IAMPP;TREINTA Y TRES;PSIQUIATRÍA PEDIÁTRICA;0.00
COMEFLO IAMPP;TREINTA Y TRES;REUMATOLOGÍA;0.00
COMEFLO IAMPP;TREINTA Y TRES;UROLOGÍA;0.00
COMEFLO IAMPP;TREINTA Y TRES;UROLOGÍA PEDIÁTRICA;0.00
COMEFLO IAMPP;TREINTA Y TRES;FISIOTERAPÍA;0.00
COMEFLO IAMPP;TREINTA Y TRES;FONOAUDIOLOGÍA;0.00
COMEFLO IAMPP;TREINTA Y TRES;NUTRICIÓN;0.00
COMEFLO IAMPP;TREINTA Y TRES;PSICOLOGÍA;0.00
COMEFLO IAMPP;TREINTA Y TRES;PSICOMOTRICIDAD;0.00
COMEFLO IAMPP;TREINTA Y TRES;PSICOPEDAGOGÍA;0.00
COMEFLO IAMPP;TREINTA Y TRES;TRABAJO SOCIAL;0.00
COMEFLO IAMPP;TREINTA Y TRES;OBSTETRA PARTERA;0.00
COMEF IAMPP;total país;MEDICINA GENERAL;18.85
COMEF IAMPP;total país;ODONTOLOGÍA;0.00
COMEF IAMPP;total país;ALERGOLOGÍA;0.00
COMEF IAMPP;total país;ANESTESIOLOGÍA;0.43
COMEF IAMPP;total país;CARDIOLOGÍA;1.24
COMEF IAMPP;total país;CARDIOLOGÍA PEDIÁTRICA;0.00
COMEF IAMPP;total país;CIRUGÍA GENERAL;0.79
COMEF IAMPP;total país;CIRUGÍA CARDÍACA;0.00
COMEF IAMPP;total país;CIRUGÍA DE TORAX;0.00
COMEF IAMPP;total país;CIRUGÍA PEDIÁTRICA;0.00
COMEF IAMPP;total país;CIRUGÍA PLÁSTICA;0.40
COMEF IAMPP;total país;CIRUGÍA VASCULAR PERIFÉRICA;0.08
COMEF IAMPP;total país;CIRUGÍA Y TRAUMATOLOGÍA BUCO-MAXILO-FACIAL;0.00
COMEF IAMPP;total país;CUIDADOS PALIATIVOS DEL ADULTO;1.13
COMEF IAMPP;total país;DERMATOLOGÍA;0.25
COMEF IAMPP;total país;DIABETOLOGÍA;0.13
COMEF IAMPP;total país;ENDOCRINOLOGÍA;0.07
COMEF IAMPP;total país;ENDOSCOPÍA DIGESTIVA;0.38
COMEF IAMPP;total país;ENFERMEDADES INFECCIOSAS;0.00
COMEF IAMPP;total país;FISIATRÍA;0.13
COMEF IAMPP;total país;GASTROENTEROLOGÍA;0.55
COMEF IAMPP;total país;GERIATRÍA;1.36
COMEF IAMPP;total país;GINECOTOCOLOGÍA;3.23
COMEF IAMPP;total país;HEMATOLOGÍA;0.12
COMEF IAMPP;total país;MEDICINA FAMILIAR Y COMUNITARIA;0.00
COMEF IAMPP;total país;MEDICINA INTENSIVA;1.92
COMEF IAMPP;total país;MEDICINA INTENSIVA PEDIÁTRICA;0.00
COMEF IAMPP;total país;MEDICINA INTERNA;1.16
COMEF IAMPP;total país;NEFROLOGÍA;0.40
COMEF IAMPP;total país;NEFROLOGÍA PEDIÁTRICA;0.00
COMEF IAMPP;total país;NEONATOLOGÍA;0.00
COMEF IAMPP;total país;NEUMOLOGÍA;0.03
COMEF IAMPP;total país;NEUMOLOGÍA PEDIÁTRICA;0.00
COMEF IAMPP;total país;NEUROCIRUGÍA;0.00
COMEF IAMPP;total país;NEUROLOGÍA;0.55
COMEF IAMPP;total país;NEUROPEDIATRÍA;0.25
COMEF IAMPP;total país;OFTALMOLOGÍA;0.22
COMEF IAMPP;total país;ONCOLOGÍA MÉDICA;0.10
COMEF IAMPP;total país;ONCOLOGÍA RADIOTERÁPICA;0.00
COMEF IAMPP;total país;TRAUMATOLOGÍA;0.78
COMEF IAMPP;total país;OTORRINOLARINGOLOGÍA;0.29
COMEF IAMPP;total país;PEDIATRÍA;13.99
COMEF IAMPP;total país;PSICOTERAPIA PSICOANALÍTICA;0.00
COMEF IAMPP;total país;PSIQUIATRÍA;0.44
COMEF IAMPP;total país;PSIQUIATRÍA PEDIÁTRICA;0.88
COMEF IAMPP;total país;REUMATOLOGÍA;0.00
COMEF IAMPP;total país;UROLOGÍA;0.78
COMEF IAMPP;total país;UROLOGÍA PEDIÁTRICA;0.00
COMEF IAMPP;total país;FISIOTERAPÍA;0.00
COMEF IAMPP;total país;FONOAUDIOLOGÍA;0.00
COMEF IAMPP;total país;NUTRICIÓN;0.96
COMEF IAMPP;total país;PSICOLOGÍA;1.22
COMEF IAMPP;total país;PSICOMOTRICIDAD;0.00
COMEF IAMPP;total país;PSICOPEDAGOGÍA;0.00
COMEF IAMPP;total país;TRABAJO SOCIAL;0.58
COMEF IAMPP;total país;OBSTETRA PARTERA;4.45
COMEFLO IAMPP;total país;MEDICINA GENERAL;8.73
COMEFLO IAMPP;total país;ODONTOLOGÍA;0.00
COMEFLO IAMPP;total país;ALERGOLOGÍA;0.03
COMEFLO IAMPP;total país;ANESTESIOLOGÍA;0.96
COMEFLO IAMPP;total país;CARDIOLOGÍA;1.37
COMEFLO IAMPP;total país;CARDIOLOGÍA PEDIÁTRICA;0.00
COMEFLO IAMPP;total país;CIRUGÍA GENERAL;1.94
COMEFLO IAMPP;total país;CIRUGÍA CARDÍACA;0.00
COMEFLO IAMPP;total país;CIRUGÍA DE TORAX;0.00
COMEFLO IAMPP;total país;CIRUGÍA PEDIÁTRICA;0.00
COMEFLO IAMPP;total país;CIRUGÍA PLÁSTICA;0.19
COMEFLO IAMPP;total país;CIRUGÍA VASCULAR PERIFÉRICA;0.00
COMEFLO IAMPP;total país;CIRUGÍA Y TRAUMATOLOGÍA BUCO-MAXILO-FACIAL;0.00
COMEFLO IAMPP;total país;CUIDADOS PALIATIVOS DEL ADULTO;0.00
COMEFLO IAMPP;total país;DERMATOLOGÍA;0.04
COMEFLO IAMPP;total país;DIABETOLOGÍA;0.52
COMEFLO IAMPP;total país;ENDOCRINOLOGÍA;0.20
COMEFLO IAMPP;total país;ENDOSCOPÍA DIGESTIVA;0.00
COMEFLO IAMPP;total país;ENFERMEDADES INFECCIOSAS;0.00
COMEFLO IAMPP;total país;FISIATRÍA;0.14
COMEFLO IAMPP;total país;GASTROENTEROLOGÍA;0.11
COMEFLO IAMPP;total país;GERIATRÍA;4.75
COMEFLO IAMPP;total país;GINECOTOCOLOGÍA;5.23
COMEFLO IAMPP;total país;HEMATOLOGÍA;0.03
COMEFLO IAMPP;total país;MEDICINA FAMILIAR Y COMUNITARIA;0.00
COMEFLO IAMPP;total país;MEDICINA INTENSIVA;0.00
COMEFLO IAMPP;total país;MEDICINA INTENSIVA PEDIÁTRICA;0.00
COMEFLO IAMPP;total país;MEDICINA INTERNA;1.79
COMEFLO IAMPP;total país;NEFROLOGÍA;1.27
COMEFLO IAMPP;total país;NEFROLOGÍA PEDIÁTRICA;0.00
COMEFLO IAMPP;total país;NEONATOLOGÍA;0.00
COMEFLO IAMPP;total país;NEUMOLOGÍA;0.00
COMEFLO IAMPP;total país;NEUMOLOGÍA PEDIÁTRICA;0.00
COMEFLO IAMPP;total país;NEUROCIRUGÍA;0.00
COMEFLO IAMPP;total país;NEUROLOGÍA;0.06
COMEFLO IAMPP;total país;NEUROPEDIATRÍA;0.19
COMEFLO IAMPP;total país;OFTALMOLOGÍA;0.54
COMEFLO IAMPP;total país;ONCOLOGÍA MÉDICA;0.13
COMEFLO IAMPP;total país;ONCOLOGÍA RADIOTERÁPICA;0.00
COMEFLO IAMPP;total país;TRAUMATOLOGÍA;1.31
COMEFLO IAMPP;total país;OTORRINOLARINGOLOGÍA;0.21
COMEFLO IAMPP;total país;PEDIATRÍA;9.78
COMEFLO IAMPP;total país;PSICOTERAPIA PSICOANALÍTICA;0.00
COMEFLO IAMPP;total país;PSIQUIATRÍA;0.91
COMEFLO IAMPP;total país;PSIQUIATRÍA PEDIÁTRICA;0.53
COMEFLO IAMPP;total país;REUMATOLOGÍA;0.01
COMEFLO IAMPP;total país;UROLOGÍA;0.30
COMEFLO IAMPP;total país;UROLOGÍA PEDIÁTRICA;0.00
COMEFLO IAMPP;total país;FISIOTERAPÍA;1.50
COMEFLO IAMPP;total país;FONOAUDIOLOGÍA;0.00
COMEFLO IAMPP;total país;NUTRICIÓN;0.96
COMEFLO IAMPP;total país;PSICOLOGÍA;0.50
COMEFLO IAMPP;total país;PSICOMOTRICIDAD;0.00
COMEFLO IAMPP;total país;PSICOPEDAGOGÍA;0.00
COMEFLO IAMPP;total país;TRABAJO SOCIAL;0.03
COMEFLO IAMPP;total país;OBSTETRA PARTERA;2.53
